Stop_Loss,Take_Profit,Max_Holding_Days,Min_BUY_Confidence,Regime_Filter,Use_Model_SELL,Ending_Capital,Net_Profit,Total_Return,Annualised_Return,Sharpe_Ratio,Maximum_Drawdown,Total_Trades,Win_Rate,Profit_Factor,Expectancy,Selection_Score
0.03,0.08,5,0.5,NONE,False,9943.28994308612,-56.71005691388018,-0.005671005691388009,-0.0016612184357334137,-0.043006423430404214,-0.0399739832798538,34,0.47058823529411764,0.9542127578140316,-1.6679428504082006,0.7317135938286861
0.03,0.1,5,0.5,NONE,False,9943.28994308612,-56.71005691388018,-0.005671005691388009,-0.0016612184357334137,-0.043006423430404214,-0.0399739832798538,34,0.47058823529411764,0.9542127578140316,-1.6679428504082006,0.7317135938286861
0.05,0.06,7,0.5,NONE,False,9935.457293214198,-64.54270678580178,-0.006454270678580176,-0.0018911882910188638,-0.04665179651739448,-0.049497447389527105,27,0.5185185185185185,0.9396247554903863,-2.390470621696295,0.6699151657265711
0.03,0.06,5,0.5,NONE,False,9909.109405981464,-90.89059401853592,-0.009089059401853561,-0.0026657161279788344,-0.07904926140945857,-0.03997398327985324,34,0.47058823529411764,0.9264604228384994,-2.673252765251083,0.2900702118484906
0.03,0.06,5,0.5,NONE,True,9860.447684870142,-139.55231512985847,-0.013955231512985833,-0.004100025861550005,-0.13047075241654787,-0.03997398327985324,34,0.4411764705882353,0.8880655106792539,-4.104479856760543,-0.367196658144043
0.05,0.08,10,0.5,NONE,False,9852.178285950416,-147.82171404958353,-0.0147821714049583,-0.004344264977273804,-0.13675850638736234,-0.05595742675904569,20,0.5,0.8550595204481307,-7.39108570247929,-0.45263205958146957
0.05,0.1,10,0.5,NONE,False,9852.178285950416,-147.82171404958353,-0.0147821714049583,-0.004344264977273804,-0.13675850638736234,-0.05595742675904569,20,0.5,0.8550595204481307,-7.39108570247929,-0.45263205958146957
0.03,0.08,5,0.5,NONE,True,9827.231218817464,-172.76878118253626,-0.017276878118253625,-0.0050819639823610485,-0.16348941121847216,-0.03997398327985335,34,0.4411764705882353,0.8611390947671425,-5.0814347406627105,-0.7923250521867824
0.03,0.1,5,0.5,NONE,True,9827.231218817464,-172.76878118253626,-0.017276878118253625,-0.0050819639823610485,-0.16348941121847216,-0.03997398327985335,34,0.4411764705882353,0.8611390947671425,-5.0814347406627105,-0.7923250521867824
0.05,0.06,10,0.5,NONE,False,9794.436662859152,-205.56333714084758,-0.020556333714084718,-0.006053736541451249,-0.20263918461885547,-0.05819476309484739,20,0.5,0.7981163261071933,-10.278166857042333,-1.220990177633837
0.05,0.1,7,0.5,NONE,False,9778.206838729735,-221.79316127026505,-0.022179316127026505,-0.00653551272679076,-0.19442892502474854,-0.06002101787543612,25,0.48,0.791076430867588,-8.871726450810765,-1.3957340497599957
0.05,0.08,7,0.5,NONE,False,9766.9170810346,-233.08291896539959,-0.023308291896539934,-0.006870978737288258,-0.20546077203727722,-0.06002101787543612,25,0.48,0.7804417636001275,-9.323316758616128,-1.5413299880038565
0.03,0.06,10,0.5,NONE,False,9758.456358602407,-241.5436413975931,-0.024154364139759354,-0.007122562179595393,-0.227766671016885,-0.06463601419598697,31,0.3548387096774194,0.8339250296007649,-7.791730367664455,-1.7468420309275083
0.03,0.1,10,0.5,NONE,False,9756.043168279204,-243.9568317207959,-0.02439568317207963,-0.00719434778572936,-0.22213918844614383,-0.07063580430379546,28,0.35714285714285715,0.8131100501439499,-8.712743990028587,-1.784229591117239
0.04,0.06,5,0.55,NONE,False,9742.788028981511,-257.21197101848884,-0.025721197101848836,-0.007588875021304564,-0.32821879208112675,-0.049585224870093314,20,0.4,0.6665880057150384,-12.86059855092417,-2.2115545135021923
0.04,0.08,5,0.55,NONE,False,9742.788028981511,-257.21197101848884,-0.025721197101848836,-0.007588875021304564,-0.32821879208112675,-0.049585224870093314,20,0.4,0.6665880057150384,-12.86059855092417,-2.2115545135021923
0.04,0.1,5,0.55,NONE,False,9742.788028981511,-257.21197101848884,-0.025721197101848836,-0.007588875021304564,-0.32821879208112675,-0.049585224870093314,20,0.4,0.6665880057150384,-12.86059855092417,-2.2115545135021923
0.05,0.06,7,0.5,NONE,True,9708.534932052728,-291.4650679472725,-0.0291465067947273,-0.008610149510777543,-0.2750971739546304,-0.0575260791687211,27,0.48148148148148145,0.7290913987529879,-10.795002516565782,-2.3117982263162427
0.03,0.08,10,0.5,NONE,False,9708.466642118694,-291.5333578813061,-0.02915333578813062,-0.008612188156779887,-0.27007608522315596,-0.07063580430379546,28,0.35714285714285715,0.7766627224518159,-10.411905638618236,-2.3923159739684965
0.03,0.06,5,0.55,NONE,False,9731.5000650222,-268.4999349778009,-0.026849993497780056,-0.00792515063727961,-0.3511638923563339,-0.05068637247754926,21,0.38095238095238093,0.657341441577101,-12.785711189418938,-2.3997196844387405
0.03,0.08,5,0.55,NONE,False,9731.5000650222,-268.4999349778009,-0.026849993497780056,-0.00792515063727961,-0.3511638923563339,-0.05068637247754926,21,0.38095238095238093,0.657341441577101,-12.785711189418938,-2.3997196844387405
0.03,0.1,5,0.55,NONE,False,9731.5000650222,-268.4999349778009,-0.026849993497780056,-0.00792515063727961,-0.3511638923563339,-0.05068637247754926,21,0.38095238095238093,0.657341441577101,-12.785711189418938,-2.3997196844387405
0.04,0.06,10,0.5,NONE,False,9700.971936128317,-299.0280638716831,-0.029902806387168357,-0.008835987841505522,-0.2813940250101354,-0.06718206600271204,25,0.4,0.7694500100594229,-11.961122554867288,-2.4508007446803957
0.04,0.08,10,0.5,NONE,False,9698.280605318372,-301.7193946816278,-0.030171939468162767,-0.008916383624793744,-0.27623131909001886,-0.07070400951698008,25,0.4,0.7674375156983866,-12.068775787265222,-2.4729230788149086
0.04,0.1,10,0.5,NONE,False,9698.280605318372,-301.7193946816278,-0.030171939468162767,-0.008916383624793744,-0.27623131909001886,-0.07070400951698008,25,0.4,0.7674375156983866,-12.068775787265222,-2.4729230788149086
0.04,0.06,5,0.55,NONE,True,9713.424963884692,-286.57503611530774,-0.028657503611530744,-0.00846419472212634,-0.37082674448272,-0.05277110788827577,20,0.4,0.6277357219309131,-14.328751805765297,-2.632439236075877
0.04,0.08,5,0.55,NONE,True,9713.424963884692,-286.57503611530774,-0.028657503611530744,-0.00846419472212634,-0.37082674448272,-0.05277110788827577,20,0.4,0.6277357219309131,-14.328751805765297,-2.632439236075877
0.04,0.1,5,0.55,NONE,True,9713.424963884692,-286.57503611530774,-0.028657503611530744,-0.00846419472212634,-0.37082674448272,-0.05277110788827577,20,0.4,0.6277357219309131,-14.328751805765297,-2.632439236075877
0.04,0.06,5,0.5,NONE,False,9667.420082886667,-332.57991711333307,-0.03325799171133326,-0.009839383591150885,-0.3269533712459933,-0.05736287928848993,32,0.46875,0.7670010919534704,-10.393122409791971,-2.801317700960332
0.03,0.06,5,0.55,NONE,True,9702.171019881429,-297.82898011857105,-0.029782898011857073,-0.008800173738573114,-0.3949662823454293,-0.053868564341558844,21,0.38095238095238093,0.6190399049699495,-14.182332386598599,-2.8220986442957945
0.03,0.08,5,0.55,NONE,True,9702.171019881429,-297.82898011857105,-0.029782898011857073,-0.008800173738573114,-0.3949662823454293,-0.053868564341558844,21,0.38095238095238093,0.6190399049699495,-14.182332386598599,-2.8220986442957945
0.03,0.1,5,0.55,NONE,True,9702.171019881429,-297.82898011857105,-0.029782898011857073,-0.008800173738573114,-0.3949662823454293,-0.053868564341558844,21,0.38095238095238093,0.6190399049699495,-14.182332386598599,-2.8220986442957945
0.04,0.08,5,0.5,NONE,False,9664.468826282065,-335.5311737179345,-0.03355311737179345,-0.009927761194714613,-0.3267635332119084,-0.057650646242278114,32,0.46875,0.7648898545702736,-10.485349178685482,-2.8328495952751664
0.04,0.1,5,0.5,NONE,False,9664.468826282065,-335.5311737179345,-0.03355311737179345,-0.009927761194714613,-0.3267635332119084,-0.057650646242278114,32,0.46875,0.7648898545702736,-10.485349178685482,-2.8328495952751664
0.03,0.06,7,0.5,NONE,False,9672.300348039245,-327.69965196075464,-0.032769965196075446,-0.009693282252987045,-0.32137030960500196,-0.05626954984808141,30,0.36666666666666664,0.7427494940960357,-10.923321732025094,-2.866590527902928
0.04,0.06,7,0.5,NONE,False,9661.506947756221,-338.49305224377895,-0.0338493052243779,-0.01001647608329126,-0.31761835950363804,-0.06164228922954662,29,0.4482758620689655,0.752422405069442,-11.67217421530277,-2.8811112635362055
0.05,0.06,10,0.5,NONE,True,9663.884763088314,-336.1152369116862,-0.0336115236911686,-0.009945253671025611,-0.35124136314824494,-0.06119291318525222,20,0.45,0.6738678516243298,-16.80576184558422,-3.000960156974272
0.03,0.06,7,0.5,NONE,True,9658.765518357928,-341.23448164207184,-0.034123448164207204,-0.010098605179577058,-0.33858979611638157,-0.056269549848081524,30,0.3333333333333333,0.7346303499773208,-11.374482721402455,-3.0778302751909106
0.05,0.08,10,0.5,NONE,True,9651.821252417618,-348.17874758238213,-0.034817874758238165,-0.010306718770647483,-0.3570077944783086,-0.062364834166012795,20,0.45,0.6619486957230555,-17.408937379118925,-3.1462192032233913
0.05,0.1,10,0.5,NONE,True,9651.821252417618,-348.17874758238213,-0.034817874758238165,-0.010306718770647483,-0.3570077944783086,-0.062364834166012795,20,0.45,0.6619486957230555,-17.408937379118925,-3.1462192032233913
0.04,0.06,5,0.5,NONE,True,9619.945251328587,-380.0547486714131,-0.03800547486714134,-0.011263376562094196,-0.37939548424218,-0.05762033005958711,32,0.4375,0.7355660732827435,-11.876710895981503,-3.443892711975338
0.03,0.06,10,0.5,NONE,True,9624.825166765106,-375.1748332348943,-0.037517483323489476,-0.01111677599266414,-0.37318491638053675,-0.06463601419598719,31,0.3225806451612903,0.7444592301622379,-12.102413975319202,-3.4957143039824805
0.05,0.08,7,0.5,NONE,True,9591.185399737182,-408.8146002628182,-0.04088146002628179,-0.012128439838652527,-0.3842246932442201,-0.06796075996969353,25,0.44,0.6174098446621924,-16.35258401051273,-3.86714630442412
0.05,0.1,7,0.5,NONE,True,9591.185399737182,-408.8146002628182,-0.04088146002628179,-0.012128439838652527,-0.3842246932442201,-0.06796075996969353,25,0.44,0.6174098446621924,-16.35258401051273,-3.86714630442412
0.04,0.06,7,0.4,NONE,False,9572.03377838902,-427.9662216109791,-0.04279662216109792,-0.012705517279969936,-0.3464909346587032,-0.08544496421641778,40,0.425,0.7524457357436762,-10.699155540274592,-3.880643313899939
0.04,0.08,5,0.5,NONE,True,9580.942649841716,-419.05735015828395,-0.041905735015828394,-0.012436973258853956,-0.417093442434063,-0.06144106476812805,32,0.4375,0.7077241847437252,-13.095542192446288,-3.940977266475369
0.04,0.1,5,0.5,NONE,True,9580.942649841716,-419.05735015828395,-0.041905735015828394,-0.012436973258853956,-0.417093442434063,-0.06144106476812805,32,0.4375,0.7077241847437252,-13.095542192446288,-3.940977266475369
0.03,0.08,10,0.4,NONE,False,9576.076521443361,-423.92347855663866,-0.042392347855663814,-0.012583633191905141,-0.359676849978355,-0.09855707123741919,38,0.34210526315789475,0.7471616779133103,-11.15588101464847,-3.9678786156893056
0.04,0.06,7,0.5,NONE,True,9566.493346068492,-433.5066539315085,-0.0433506653931508,-0.012872614175294395,-0.41980300599412224,-0.06522502616089743,29,0.41379310344827586,0.6837670159662528,-14.948505307983051,-4.142337458049693
0.04,0.06,10,0.5,NONE,True,9571.665845387264,-428.3341546127358,-0.042833415461273616,-0.012716611848392123,-0.4214005387581478,-0.07044331024136685,25,0.36,0.6725822819086565,-17.13336618450925,-4.164003651976367
0.03,0.08,10,0.5,NONE,True,9560.398527629179,-439.6014723708213,-0.04396014723708208,-0.013056510224761064,-0.42923451548614344,-0.07412840149287181,28,0.32142857142857145,0.665125952056686,-15.700052584672319,-4.3420576326881095
0.03,0.1,10,0.5,NONE,True,9560.398527629179,-439.6014723708213,-0.04396014723708208,-0.013056510224761064,-0.42923451548614344,-0.07412840149287181,28,0.32142857142857145,0.665125952056686,-15.700052584672319,-4.3420576326881095
0.05,0.1,7,0.4,NONE,False,9516.51137378078,-483.48862621921944,-0.04834886262192195,-0.014383151974935338,-0.3823373383514376,-0.09875180624524627,36,0.4722222222222222,0.6812147639377355,-13.430239617200401,-4.54487575898036
0.05,0.06,5,0.5,NONE,False,9538.629316809669,-461.37068319033096,-0.04613706831903308,-0.013714020377372682,-0.4859942910876184,-0.07075686870714937,30,0.4666666666666667,0.6437283904512787,-15.379022773010805,-4.546057225667748
0.05,0.08,5,0.5,NONE,False,9535.717377271656,-464.282622728344,-0.046428262272834364,-0.013802052147029564,-0.4840571111139786,-0.07104054676240956,30,0.4666666666666667,0.6414145707874237,-15.476087424278132,-4.573899758819712
0.05,0.1,5,0.5,NONE,False,9535.717377271656,-464.282622728344,-0.046428262272834364,-0.013802052147029564,-0.4840571111139786,-0.07104054676240956,30,0.4666666666666667,0.6414145707874237,-15.476087424278132,-4.573899758819712
0.05,0.06,7,0.4,NONE,False,9511.33348329494,-488.6665167050596,-0.04886665167050597,-0.014539957048300578,-0.40579813621123334,-0.09300994752566116,38,0.47368421052631576,0.709560596826219,-12.859645176448925,-4.608026579646189
0.03,0.1,10,0.4,NONE,False,9525.620601761357,-474.37939823864326,-0.04743793982386435,-0.014107438393171967,-0.40722009650307406,-0.09855707123741919,38,0.3157894736842105,0.7285943959965013,-12.483668374701281,-4.612407376949291
0.05,0.08,7,0.4,NONE,False,9505.523765389493,-494.47623461050716,-0.049447623461050694,-0.014715968050519113,-0.3921750122737779,-0.09875180624524627,36,0.4722222222222222,0.6739577796736962,-13.73545096140285,-4.681684175001953
0.04,0.08,7,0.5,NONE,False,9505.455801801732,-494.5441981982676,-0.04945441981982679,-0.0147180275233314,-0.4552631085697154,-0.07248893598584727,29,0.4482758620689655,0.6351300660382176,-17.053248213733333,-4.845051207000774
0.04,0.1,7,0.5,NONE,False,9505.455801801732,-494.5441981982676,-0.04945441981982679,-0.0147180275233314,-0.4552631085697154,-0.07248893598584727,29,0.4482758620689655,0.6351300660382176,-17.053248213733333,-4.845051207000774
0.03,0.08,7,0.5,NONE,False,9516.074868775058,-483.92513122494165,-0.04839251312249415,-0.014396368579599916,-0.46378783128342477,-0.07151253616633368,30,0.36666666666666664,0.6168736113415775,-16.13083770749804,-4.854799232974354
0.03,0.1,7,0.5,NONE,False,9516.074868775058,-483.92513122494165,-0.04839251312249415,-0.014396368579599916,-0.46378783128342477,-0.07151253616633368,30,0.36666666666666664,0.6168736113415775,-16.13083770749804,-4.854799232974354
0.03,0.06,10,0.4,NONE,False,9491.000865139938,-508.99913486006153,-0.0508999134860062,-0.015156286556790466,-0.4448544083810326,-0.09375606398594938,41,0.3170731707317073,0.7313278422341942,-12.414613045367277,-5.025055216382732
0.04,0.08,10,0.5,NONE,True,9501.053284003934,-498.9467159960659,-0.04989467159960659,-0.014851457426052983,-0.48559228295837337,-0.07730088131364743,25,0.36,0.6178802972426718,-19.957868639842435,-5.060072309948381
0.04,0.1,10,0.5,NONE,True,9501.053284003934,-498.9467159960659,-0.04989467159960659,-0.014851457426052983,-0.48559228295837337,-0.07730088131364743,25,0.36,0.6178802972426718,-19.957868639842435,-5.060072309948381
0.03,0.08,7,0.5,NONE,True,9502.758651541415,-497.241348458585,-0.04972413484585847,-0.014799766578609708,-0.4812738877625115,-0.0715125361663339,30,0.3333333333333333,0.6100576482488614,-16.57471161528612,-5.063082814695009
0.03,0.1,7,0.5,NONE,True,9502.758651541415,-497.241348458585,-0.04972413484585847,-0.014799766578609708,-0.4812738877625115,-0.0715125361663339,30,0.3333333333333333,0.6100576482488614,-16.57471161528612,-5.063082814695009
0.05,0.06,5,0.5,NONE,True,9491.786951811808,-508.21304818819226,-0.05082130481881919,-0.015132441064932833,-0.5423155714212256,-0.07075686870714837,30,0.43333333333333335,0.6107132322520762,-16.94043493960659,-5.193471927846108
0.05,0.08,5,0.5,NONE,True,9453.303948612935,-546.6960513870654,-0.054669605138706556,-0.016301445313903984,-0.5802568844731198,-0.07452434332237312,30,0.43333333333333335,0.5802465258207682,-18.22320171290224,-5.688418766985167
0.05,0.1,5,0.5,NONE,True,9453.303948612935,-546.6960513870654,-0.054669605138706556,-0.016301445313903984,-0.5802568844731198,-0.07452434332237312,30,0.43333333333333335,0.5802465258207682,-18.22320171290224,-5.688418766985167
0.04,0.08,7,0.4,NONE,False,9410.121010253075,-589.8789897469251,-0.058987898974692476,-0.017617236845128947,-0.4797830084825527,-0.09601647154084247,39,0.4358974358974359,0.6387386337399921,-15.125102301203206,-5.879736316337768
0.04,0.1,7,0.4,NONE,False,9410.121010253075,-589.8789897469251,-0.058987898974692476,-0.017617236845128947,-0.4797830084825527,-0.09601647154084247,39,0.4358974358974359,0.6387386337399921,-15.125102301203206,-5.879736316337768
0.04,0.08,7,0.5,NONE,True,9411.976844916806,-588.0231550831941,-0.05880231550831938,-0.01756060147024019,-0.5551181118023135,-0.08032336502935344,29,0.41379310344827586,0.5673658730230139,-20.276660520110013,-6.089632162994629
0.04,0.1,7,0.5,NONE,True,9411.976844916806,-588.0231550831941,-0.05880231550831938,-0.01756060147024019,-0.5551181118023135,-0.08032336502935344,29,0.41379310344827586,0.5673658730230139,-20.276660520110013,-6.089632162994629
0.05,0.06,10,0.4,NONE,False,9354.640835647519,-645.3591643524815,-0.06453591643524814,-0.01931401359286833,-0.56563989456095,-0.09861364787586002,31,0.3870967741935484,0.6371005346773537,-20.818037559757496,-6.659287771651673
0.03,0.06,10,0.55,NONE,False,9408.947115199908,-591.0528848000922,-0.05910528848000918,-0.017653065231035048,-0.7565135826679835,-0.06911134118303874,20,0.25,0.45874425701619587,-29.552644240004703,-6.7839230975037275
0.05,0.08,10,0.4,NONE,False,9320.187213918454,-679.8127860815457,-0.06798127860815462,-0.020371312506456074,-0.5938344395430503,-0.11121384142908897,30,0.4,0.6040195477203312,-22.660426202718174,-7.0929910336103195
0.04,0.08,10,0.4,NONE,False,9317.583528830144,-682.4164711698559,-0.06824164711698555,-0.020451325684767374,-0.5708064764147738,-0.11370523509601504,35,0.34285714285714286,0.6356226632442873,-19.49761346199578,-7.101003093522688
0.03,0.06,5,0.4,NONE,False,9289.939597895882,-710.0604021041181,-0.07100604021041179,-0.021301821607982885,-0.6184938912379607,-0.09910487068791951,55,0.38181818181818183,0.6721320464779139,-12.910189129165751,-7.382746445908923
0.05,0.1,10,0.4,NONE,False,9294.838470805069,-705.1615291949311,-0.07051615291949309,-0.021150971952894393,-0.6161647531324304,-0.11121384142908897,30,0.36666666666666664,0.6000648292555846,-23.505384306497778,-7.4284271437210085
0.04,0.1,10,0.4,NONE,False,9292.241867135072,-707.7581328649285,-0.07077581328649285,-0.021230921450924645,-0.5923269458095772,-0.11370523509601504,35,0.3142857142857143,0.6312265426196354,-20.221660938997854,-7.430428198459106
0.04,0.06,10,0.4,NONE,False,9289.133908728832,-710.8660912711675,-0.07108660912711673,-0.02132663636439691,-0.5967847793466394,-0.10943921050711003,37,0.32432432432432434,0.6489999270894419,-19.21259706138286,-7.4383454304982966
0.04,0.06,7,0.4,NONE,True,9290.795156326358,-709.2048436736422,-0.0709204843673642,-0.021275472574557086,-0.6355390052112242,-0.09284428033331316,41,0.3902439024390244,0.6110561894599633,-17.29767911399122,-7.454670635593192
0.03,0.06,10,0.4,NONE,True,9294.372337325609,-705.6276626743911,-0.07056276626743907,-0.021165323051392182,-0.6388426017003855,-0.11051667594313863,44,0.29545454545454547,0.6449143402791935,-16.036992333508973,-7.504109620354078
0.03,0.06,10,0.55,NONE,True,9346.956527833176,-653.0434721668244,-0.06530434721668243,-0.019549587480088615,-0.8435413970014725,-0.07524447531872402,20,0.25,0.39911727871842334,-32.652173608340966,-7.64364471227149
0.03,0.08,10,0.4,NONE,True,9268.125188405775,-731.8748115942253,-0.07318748115942253,-0.021974231033861757,-0.6593043085819049,-0.11647069797922993,41,0.2926829268292683,0.600209360862732,-17.850605160834675,-7.8609351433932915
0.03,0.1,10,0.4,NONE,True,9268.125188405775,-731.8748115942253,-0.07318748115942253,-0.021974231033861757,-0.6593043085819049,-0.11647069797922993,41,0.2926829268292683,0.600209360862732,-17.850605160834675,-7.8609351433932915
0.04,0.06,5,0.4,NONE,False,9235.636585331387,-764.3634146686127,-0.07643634146686129,-0.02297774200156255,-0.6630839230756365,-0.10288347136207387,48,0.4166666666666667,0.6190497645041801,-15.924237805596098,-8.03696903302863
0.05,0.06,7,0.4,NONE,True,9198.190388032821,-801.8096119671791,-0.08018096119671791,-0.024137487390264667,-0.70635969415368,-0.10203936667406388,40,0.45,0.5478998480818871,-20.045240299179387,-8.53495502657133
0.03,0.06,7,0.4,NONE,False,9193.325307903631,-806.6746920963687,-0.08066746920963686,-0.024288408783713633,-0.6931833210518095,-0.11217368447917386,46,0.32608695652173914,0.5898242168916761,-17.536406349921048,-8.649376074133064
0.03,0.08,5,0.4,NONE,False,9185.532126190878,-814.4678738091225,-0.08144678738091227,-0.024530281688199373,-0.7143300712668544,-0.1048590459452522,53,0.3584905660377358,0.6230350768364392,-15.367318373756882,-8.696672283696012
0.03,0.1,5,0.4,NONE,False,9185.532126190878,-814.4678738091225,-0.08144678738091227,-0.024530281688199373,-0.7143300712668544,-0.1048590459452522,53,0.3584905660377358,0.6230350768364392,-15.367318373756882,-8.696672283696012
0.04,0.08,7,0.4,NONE,True,9149.950099174011,-850.0499008259885,-0.08500499008259887,-0.025636471345454548,-0.7556469076119667,-0.10769082266680463,40,0.4,0.5082333262847497,-21.251247520649677,-9.211250319865874
0.04,0.1,7,0.4,NONE,True,9149.950099174011,-850.0499008259885,-0.08500499008259887,-0.025636471345454548,-0.7556469076119667,-0.10769082266680463,40,0.4,0.5082333262847497,-21.251247520649677,-9.211250319865874
0.05,0.08,7,0.4,NONE,True,9143.42052364188,-856.5794763581198,-0.08565794763581203,-0.025839796077377297,-0.7558798952426211,-0.10832759118556834,37,0.43243243243243246,0.47633838702031445,-23.150796658327376,-9.277111325799266
0.05,0.1,7,0.4,NONE,True,9143.42052364188,-856.5794763581198,-0.08565794763581203,-0.025839796077377297,-0.7558798952426211,-0.10832759118556834,37,0.43243243243243246,0.47633838702031445,-23.150796658327376,-9.277111325799266
0.05,0.06,10,0.4,NONE,True,9135.836968843865,-864.1630311561348,-0.08641630311561344,-0.02607606972483767,-0.7949708401733134,-0.11538069412536456,33,0.36363636363636365,0.5171063183143688,-26.186758519882858,-9.466210004082603
0.03,0.06,5,0.4,NONE,True,9125.42827379714,-874.5717262028593,-0.08745717262028596,-0.026400589681611075,-0.7900405109155234,-0.11069118997651106,56,0.35714285714285715,0.599052110346868,-15.617352253622455,-9.480294506346429
0.04,0.08,5,0.4,NONE,False,9089.024315459294,-910.9756845407064,-0.09109756845407069,-0.027537648440929763,-0.7988073022312502,-0.11172947173189829,47,0.3829787234042553,0.5679713197466174,-19.38246137320655,-9.868150878450596
0.04,0.1,5,0.4,NONE,False,9089.024315459294,-910.9756845407064,-0.09109756845407069,-0.027537648440929763,-0.7988073022312502,-0.11172947173189829,47,0.3829787234042553,0.5679713197466174,-19.38246137320655,-9.868150878450596
0.05,0.06,5,0.4,NONE,False,9070.454205853208,-929.5457941467921,-0.09295457941467922,-0.02811891787375742,-0.8290495299159405,-0.11525928755720016,46,0.43478260869565216,0.5351234219226949,-20.207517264060648,-10.098910258238655
0.04,0.06,10,0.4,NONE,True,9071.862240666323,-928.1377593336765,-0.0928137759333677,-0.028074814998021114,-0.815213792671364,-0.12185091269663506,39,0.3076923076923077,0.5439400210495299,-23.798404085478897,-10.182023762634296
0.04,0.06,5,0.4,NONE,True,9066.329139632355,-933.6708603676452,-0.09336708603676447,-0.02824815229133404,-0.837667604671723,-0.1096778148875085,49,0.3877551020408163,0.5374131883255566,-19.054507354441775,-10.196553337541028
0.04,0.08,10,0.4,NONE,True,9064.096365187765,-935.9036348122354,-0.09359036348122352,-0.028318120357135323,-0.8245759101631013,-0.12600762474849136,37,0.2972972972972973,0.5266848434218511,-25.294692832762934,-10.310213652477898
0.04,0.1,10,0.4,NONE,True,9064.096365187765,-935.9036348122354,-0.09359036348122352,-0.028318120357135323,-0.8245759101631013,-0.12600762474849136,37,0.2972972972972973,0.5266848434218511,-25.294692832762934,-10.310213652477898
0.03,0.08,7,0.4,NONE,False,9055.9294081313,-944.0705918686999,-0.09440705918686998,-0.028574150820367183,-0.8046178956298936,-0.12014930850039063,46,0.32608695652173914,0.5150642510702462,-20.523273736276085,-10.328939810855191
0.03,0.1,7,0.4,NONE,False,9055.9294081313,-944.0705918686999,-0.09440705918686998,-0.028574150820367183,-0.8046178956298936,-0.12014930850039063,46,0.32608695652173914,0.5150642510702462,-20.523273736276085,-10.328939810855191
0.05,0.08,5,0.4,NONE,False,9048.466394336721,-951.5336056632786,-0.09515336056632784,-0.02880825589275804,-0.8538527864553186,-0.11648809531711923,45,0.4222222222222222,0.5383976619702753,-21.145191236961747,-10.378909840668042
0.05,0.1,5,0.4,NONE,False,9048.466394336721,-951.5336056632786,-0.09515336056632784,-0.02880825589275804,-0.8538527864553186,-0.11648809531711923,45,0.4222222222222222,0.5383976619702753,-21.145191236961747,-10.378909840668042
0.03,0.08,5,0.4,NONE,True,9044.9845696562,-955.0154303437994,-0.09550154303437997,-0.02891752296777228,-0.861064077338203,-0.11420560625403053,54,0.3333333333333333,0.559328170629018,-17.68547093229258,-10.493826560406081
0.03,0.1,5,0.4,NONE,True,9044.9845696562,-955.0154303437994,-0.09550154303437997,-0.02891752296777228,-0.861064077338203,-0.11420560625403053,54,0.3333333333333333,0.559328170629018,-17.68547093229258,-10.493826560406081
0.05,0.08,10,0.4,NONE,True,9043.740625726234,-956.2593742737663,-0.09562593742737668,-0.028956567794681698,-0.8821545046283323,-0.12769674565949118,32,0.34375,0.4815000400667817,-29.883105446055282,-10.629349457587042
0.05,0.1,10,0.4,NONE,True,9043.740625726234,-956.2593742737663,-0.09562593742737668,-0.028956567794681698,-0.8821545046283323,-0.12769674565949118,32,0.34375,0.4815000400667817,-29.883105446055282,-10.629349457587042
0.03,0.06,7,0.4,NONE,True,9029.458561502182,-970.5414384978176,-0.09705414384978173,-0.029405124792188597,-0.8674613646936113,-0.11836125522771046,48,0.3125,0.5226179528326031,-20.21961330203799,-10.723580416760504
0.04,0.08,5,0.4,NONE,True,8977.387163772071,-1022.6128362279287,-0.10226128362279285,-0.031044796756949267,-0.9179271455852024,-0.11841200190814005,48,0.3541666666666667,0.517848300684005,-21.304434088081905,-11.30837968800716
0.04,0.1,5,0.4,NONE,True,8977.387163772071,-1022.6128362279287,-0.10226128362279285,-0.031044796756949267,-0.9179271455852024,-0.11841200190814005,48,0.3541666666666667,0.517848300684005,-21.304434088081905,-11.30837968800716
0.05,0.08,5,0.4,NONE,True,8910.01607652834,-1089.98392347166,-0.10899839234716602,-0.03317625669292834,-1.0048124911654777,-0.12571323160793146,46,0.391304347826087,0.47321950644951283,-23.695302684166602,-12.170653594379887
0.05,0.1,5,0.4,NONE,True,8910.01607652834,-1089.98392347166,-0.10899839234716602,-0.03317625669292834,-1.0048124911654777,-0.12571323160793146,46,0.391304347826087,0.47321950644951283,-23.695302684166602,-12.170653594379887
0.05,0.06,5,0.4,NONE,True,8904.174879167473,-1095.8251208325273,-0.10958251208325276,-0.033361594807408745,-1.009646511228426,-0.12628639348781034,47,0.40425531914893614,0.45508603372396356,-23.315428102819855,-12.244489271397038
0.03,0.08,7,0.4,NONE,True,8894.51167971959,-1105.4883202804103,-0.110548832028041,-0.033668392026775185,-0.9780002584533488,-0.1326013460524178,48,0.3125,0.4506318946967608,-23.03100667250867,-12.380353171066455
0.03,0.1,7,0.4,NONE,True,8894.51167971959,-1105.4883202804103,-0.110548832028041,-0.033668392026775185,-0.9780002584533488,-0.1326013460524178,48,0.3125,0.4506318946967608,-23.03100667250867,-12.380353171066455
0.03,0.08,7,0.55,NONE,False,9651.79277516871,-348.20722483129066,-0.03482072248312906,-0.010307572427068257,-0.44739621657404094,-0.055928822840096926,19,0.3157894736842105,0.6079410741290125,-18.326696043752165,-999981.0
0.03,0.1,7,0.55,NONE,False,9651.79277516871,-348.20722483129066,-0.03482072248312906,-0.010307572427068257,-0.44739621657404094,-0.055928822840096926,19,0.3157894736842105,0.6079410741290125,-18.326696043752165,-999981.0
0.03,0.06,7,0.55,NONE,False,9646.310131791695,-353.6898682083047,-0.03536898682083045,-0.010471957674400123,-0.4554676246469178,-0.056163823171363814,19,0.3157894736842105,0.601722480171618,-18.615256221489698,-999981.0
0.03,0.08,7,0.55,NONE,True,9579.97797691179,-420.0220230882096,-0.04200220230882101,-0.012466043284903972,-0.552266813815,-0.05951427378065066,19,0.3157894736842105,0.525897558390828,-22.10642226780036,-999981.0
0.03,0.1,7,0.55,NONE,True,9579.97797691179,-420.0220230882096,-0.04200220230882101,-0.012466043284903972,-0.552266813815,-0.05951427378065066,19,0.3157894736842105,0.525897558390828,-22.10642226780036,-999981.0
0.03,0.06,7,0.55,NONE,True,9574.536127503028,-425.4638724969718,-0.04254638724969717,-0.012630070016038442,-0.5606294694354066,-0.0597483816133656,19,0.3157894736842105,0.5197002500988982,-22.392835394577297,-999981.0
0.03,0.1,10,0.55,NONE,False,9543.530399694604,-456.46960030539594,-0.045646960030539585,-0.013565897114527603,-0.554166775937151,-0.07210832787160859,19,0.2631578947368421,0.5514557046408448,-24.024715805547107,-999981.0
0.03,0.08,10,0.55,NONE,False,9496.990217789607,-503.0097822103926,-0.050300978221039294,-0.014974638182160382,-0.6167014366780732,-0.07210832787160859,19,0.2631578947368421,0.5057235615047047,-26.474199063704752,-999981.0
0.03,0.08,10,0.55,NONE,True,9410.231598324237,-589.768401675763,-0.05897684016757632,-0.017613861755753413,-0.7438569214542727,-0.07524447531872402,19,0.2631578947368421,0.41909310071314526,-31.040442193460876,-999981.0
0.03,0.1,10,0.55,NONE,True,9410.231598324237,-589.768401675763,-0.05897684016757632,-0.017613861755753413,-0.7438569214542727,-0.07524447531872402,19,0.2631578947368421,0.41909310071314526,-31.040442193460876,-999981.0
0.05,0.06,5,0.55,NONE,False,10017.591895329195,17.591895329194813,0.0017591895329194251,0.0005139676286807227,0.03464321082476338,-0.02591997255150158,18,0.4444444444444444,1.0349413980267754,0.9773275182884491,-999982.0
0.05,0.08,5,0.55,NONE,False,10017.591895329195,17.591895329194813,0.0017591895329194251,0.0005139676286807227,0.03464321082476338,-0.02591997255150158,18,0.4444444444444444,1.0349413980267754,0.9773275182884491,-999982.0
0.05,0.1,5,0.55,NONE,False,10017.591895329195,17.591895329194813,0.0017591895329194251,0.0005139676286807227,0.03464321082476338,-0.02591997255150158,18,0.4444444444444444,1.0349413980267754,0.9773275182884491,-999982.0
0.05,0.06,5,0.55,NONE,True,9987.400619273407,-12.599380726593154,-0.001259938072659339,-0.00036849888622436655,-0.006620989082407994,-0.029185183803478565,18,0.4444444444444444,0.9749234596676829,-0.6999655959218924,-999982.0
0.05,0.08,5,0.55,NONE,True,9987.400619273407,-12.599380726593154,-0.001259938072659339,-0.00036849888622436655,-0.006620989082407994,-0.029185183803478565,18,0.4444444444444444,0.9749234596676829,-0.6999655959218924,-999982.0
0.05,0.1,5,0.55,NONE,True,9987.400619273407,-12.599380726593154,-0.001259938072659339,-0.00036849888622436655,-0.006620989082407994,-0.029185183803478565,18,0.4444444444444444,0.9749234596676829,-0.6999655959218924,-999982.0
0.04,0.08,7,0.55,NONE,False,9748.002708475859,-251.99729152414147,-0.025199729152414196,-0.0074336195063134936,-0.30094917438208163,-0.06040696809555135,18,0.3888888888888889,0.7156427280002319,-13.99984952911897,-999982.0
0.04,0.1,7,0.55,NONE,False,9748.002708475859,-251.99729152414147,-0.025199729152414196,-0.0074336195063134936,-0.30094917438208163,-0.06040696809555135,18,0.3888888888888889,0.7156427280002319,-13.99984952911897,-999982.0
0.04,0.06,7,0.55,NONE,False,9742.465413619484,-257.534586380516,-0.025753458638051563,-0.0075984821094869925,-0.3083608496781387,-0.06040696809555135,18,0.3888888888888889,0.7093700830792623,-14.307477021139725,-999982.0
0.04,0.08,7,0.55,NONE,True,9675.472053889273,-324.5279461107275,-0.032452794611072755,-0.009598358315134115,-0.3978845542033486,-0.06397541166366671,18,0.3888888888888889,0.632887906926467,-18.029330339484787,-999982.0
0.04,0.1,7,0.55,NONE,True,9675.472053889273,-324.5279461107275,-0.032452794611072755,-0.009598358315134115,-0.3978845542033486,-0.06397541166366671,18,0.3888888888888889,0.632887906926467,-18.029330339484787,-999982.0
0.04,0.06,7,0.55,NONE,True,9669.975959639072,-330.02404036092776,-0.03300240403609278,-0.009762861361020447,-0.4055325218976041,-0.06397541166366671,18,0.3888888888888889,0.6266394668513163,-18.334668908940404,-999982.0
0.03,0.06,5,0.4,ABOVE_SMA200,False,9931.723418377569,-68.27658162243097,-0.0068276581622430665,-0.0020008615673841046,-0.1310333835012994,-0.03181663817453417,17,0.4117647058823529,0.8264864003627559,-4.016269507201688,-999983.0
0.03,0.08,5,0.4,ABOVE_SMA200,False,9931.723418377569,-68.27658162243097,-0.0068276581622430665,-0.0020008615673841046,-0.1310333835012994,-0.03181663817453417,17,0.4117647058823529,0.8264864003627559,-4.016269507201688,-999983.0
0.03,0.1,5,0.4,ABOVE_SMA200,False,9931.723418377569,-68.27658162243097,-0.0068276581622430665,-0.0020008615673841046,-0.1310333835012994,-0.03181663817453417,17,0.4117647058823529,0.8264864003627559,-4.016269507201688,-999983.0
0.03,0.06,5,0.4,ABOVE_SMA200,True,9882.950644222095,-117.04935577790457,-0.01170493557779051,-0.003436127457163929,-0.23717238000196808,-0.031816638174534395,17,0.35294117647058826,0.7134380846179817,-6.885256222229653,-999983.0
0.03,0.08,5,0.4,ABOVE_SMA200,True,9882.950644222095,-117.04935577790457,-0.01170493557779051,-0.003436127457163929,-0.23717238000196808,-0.031816638174534395,17,0.35294117647058826,0.7134380846179817,-6.885256222229653,-999983.0
0.03,0.1,5,0.4,ABOVE_SMA200,True,9882.950644222095,-117.04935577790457,-0.01170493557779051,-0.003436127457163929,-0.23717238000196808,-0.031816638174534395,17,0.35294117647058826,0.7134380846179817,-6.885256222229653,-999983.0
0.04,0.06,5,0.4,ABOVE_SMA200,False,9858.50563109832,-141.49436890168,-0.01414943689016801,-0.004157371960629264,-0.2735288254199076,-0.036528047353205584,17,0.4117647058823529,0.6959760887160004,-8.323198170687032,-999983.0
0.04,0.08,5,0.4,ABOVE_SMA200,False,9858.50563109832,-141.49436890168,-0.01414943689016801,-0.004157371960629264,-0.2735288254199076,-0.036528047353205584,17,0.4117647058823529,0.6959760887160004,-8.323198170687032,-999983.0
0.04,0.1,5,0.4,ABOVE_SMA200,False,9858.50563109832,-141.49436890168,-0.01414943689016801,-0.004157371960629264,-0.2735288254199076,-0.036528047353205584,17,0.4117647058823529,0.6959760887160004,-8.323198170687032,-999983.0
0.05,0.06,5,0.4,ABOVE_SMA200,False,9817.618102054814,-182.3818979451862,-0.018238189794518633,-0.0053665830536017145,-0.35147097703842217,-0.041386452601020474,17,0.4117647058823529,0.5620584989132822,-10.72834693795213,-999983.0
0.05,0.08,5,0.4,ABOVE_SMA200,False,9817.618102054814,-182.3818979451862,-0.018238189794518633,-0.0053665830536017145,-0.35147097703842217,-0.041386452601020474,17,0.4117647058823529,0.5620584989132822,-10.72834693795213,-999983.0
0.05,0.1,5,0.4,ABOVE_SMA200,False,9817.618102054814,-182.3818979451862,-0.018238189794518633,-0.0053665830536017145,-0.35147097703842217,-0.041386452601020474,17,0.4117647058823529,0.5620584989132822,-10.72834693795213,-999983.0
0.04,0.06,5,0.4,ABOVE_SMA200,True,9810.092415345021,-189.90758465497856,-0.018990758465497803,-0.00558953647918603,-0.38076848268913016,-0.036639550487394756,17,0.35294117647058826,0.6043749362330751,-11.171034391469407,-999983.0
0.04,0.08,5,0.4,ABOVE_SMA200,True,9810.092415345021,-189.90758465497856,-0.018990758465497803,-0.00558953647918603,-0.38076848268913016,-0.036639550487394756,17,0.35294117647058826,0.6043749362330751,-11.171034391469407,-999983.0
0.04,0.1,5,0.4,ABOVE_SMA200,True,9810.092415345021,-189.90758465497856,-0.018990758465497803,-0.00558953647918603,-0.38076848268913016,-0.036639550487394756,17,0.35294117647058826,0.6043749362330751,-11.171034391469407,-999983.0
0.05,0.06,5,0.4,ABOVE_SMA200,True,9769.405677054116,-230.59432294588441,-0.0230594322945884,-0.0067970085531869895,-0.45944473171955125,-0.04138645260102025,17,0.35294117647058826,0.4653588741458713,-13.564371937993307,-999983.0
0.05,0.08,5,0.4,ABOVE_SMA200,True,9769.405677054116,-230.59432294588441,-0.0230594322945884,-0.0067970085531869895,-0.45944473171955125,-0.04138645260102025,17,0.35294117647058826,0.4653588741458713,-13.564371937993307,-999983.0
0.05,0.1,5,0.4,ABOVE_SMA200,True,9769.405677054116,-230.59432294588441,-0.0230594322945884,-0.0067970085531869895,-0.45944473171955125,-0.04138645260102025,17,0.35294117647058826,0.4653588741458713,-13.564371937993307,-999983.0
0.05,0.08,7,0.55,NONE,False,9889.152060089202,-110.84793991079823,-0.011084793991079867,-0.003253356896413817,-0.13124500044569312,-0.03988656770965415,15,0.4,0.8432343670142858,-7.389862660719791,-999985.0
0.05,0.1,7,0.55,NONE,False,9889.152060089202,-110.84793991079823,-0.011084793991079867,-0.003253356896413817,-0.13124500044569312,-0.03988656770965415,15,0.4,0.8432343670142858,-7.389862660719791,-999985.0
0.05,0.06,7,0.55,NONE,False,9883.534586184665,-116.46541381533461,-0.011646541381533426,-0.0034189138299508537,-0.13875340875741368,-0.03988656770965415,15,0.4,0.8352690879477234,-7.764360921022307,-999985.0
0.03,0.08,7,0.4,ABOVE_SMA200,False,9849.590953573437,-150.40904642656278,-0.015040904642656283,-0.004420712390491133,-0.2951064392226968,-0.04292173623078144,15,0.4,0.6850288674231195,-10.027269761770821,-999985.0
0.03,0.1,7,0.4,ABOVE_SMA200,False,9849.590953573437,-150.40904642656278,-0.015040904642656283,-0.004420712390491133,-0.2951064392226968,-0.04292173623078144,15,0.4,0.6850288674231195,-10.027269761770821,-999985.0
0.03,0.06,7,0.4,ABOVE_SMA200,False,9837.525491586423,-162.4745084135775,-0.016247450841357702,-0.004777396051051985,-0.32169099754677466,-0.04292173623078144,15,0.4,0.6597626196979948,-10.83163389423847,-999985.0
0.05,0.08,7,0.55,NONE,True,9815.57117447857,-184.42882552143055,-0.018442882552143103,-0.005427212653864144,-0.23034161607453219,-0.043532944902525794,15,0.4,0.7385068530449859,-12.29525503476225,-999985.0
0.05,0.1,7,0.55,NONE,True,9815.57117447857,-184.42882552143055,-0.018442882552143103,-0.005427212653864144,-0.23034161607453219,-0.043532944902525794,15,0.4,0.7385068530449859,-12.29525503476225,-999985.0
0.03,0.08,7,0.4,ABOVE_SMA200,True,9811.428929961687,-188.57107003831334,-0.018857107003831364,-0.005549932516705547,-0.38432392437358365,-0.043182970172969126,15,0.3333333333333333,0.6171432196963517,-12.571404669221101,-999985.0
0.03,0.1,7,0.4,ABOVE_SMA200,True,9811.428929961687,-188.57107003831334,-0.018857107003831364,-0.005549932516705547,-0.38432392437358365,-0.043182970172969126,15,0.3333333333333333,0.6171432196963517,-12.571404669221101,-999985.0
0.05,0.06,7,0.55,NONE,True,9809.995497757678,-190.0045022423219,-0.019000450224232246,-0.005592408515813441,-0.23810818176244514,-0.043532944902525794,15,0.4,0.7305673461316676,-12.666966816154824,-999985.0
0.03,0.06,7,0.4,ABOVE_SMA200,True,9799.410215341888,-200.58978465811197,-0.020058978465811172,-0.005906211614442269,-0.41239150788667484,-0.043182970172969126,15,0.3333333333333333,0.5927415636958351,-13.37265231054098,-999985.0
0.04,0.06,10,0.55,NONE,False,9631.614282922832,-368.385717077168,-0.03683857170771676,-0.010912907406001371,-0.44580716494260864,-0.051153459521082634,15,0.4,0.5390051985617573,-24.559047805144505,-999985.0
0.04,0.08,10,0.55,NONE,False,9600.605397464884,-399.39460253511606,-0.03993946025351158,-0.011844895222972052,-0.4834803029782708,-0.05420826142932034,15,0.4,0.4991989377991128,-26.62630683567416,-999985.0
0.04,0.1,10,0.55,NONE,False,9600.605397464884,-399.39460253511606,-0.03993946025351158,-0.011844895222972052,-0.4834803029782708,-0.05420826142932034,15,0.4,0.4991989377991128,-26.62630683567416,-999985.0
0.04,0.06,10,0.55,NONE,True,9568.156659091197,-431.84334090880293,-0.043184334090880294,-0.012822442226097408,-0.528580340857334,-0.05740490866252257,15,0.4,0.45737307477207334,-28.789556060587074,-999985.0
0.04,0.08,10,0.55,NONE,True,9568.156659091197,-431.84334090880293,-0.043184334090880294,-0.012822442226097408,-0.528580340857334,-0.05740490866252257,15,0.4,0.45737307477207334,-28.789556060587074,-999985.0
0.04,0.1,10,0.55,NONE,True,9568.156659091197,-431.84334090880293,-0.043184334090880294,-0.012822442226097408,-0.528580340857334,-0.05740490866252257,15,0.4,0.45737307477207334,-28.789556060587074,-999985.0
0.03,0.08,10,0.4,ABOVE_SMA200,False,9985.873661763932,-14.126338236068477,-0.0014126338236069014,-0.0004131807401916987,-0.018506184795520977,-0.048920168364632644,14,0.42857142857142855,0.9738570933032709,-1.0090241597193395,-999986.0
0.03,0.1,10,0.4,ABOVE_SMA200,False,9985.873661763932,-14.126338236068477,-0.0014126338236069014,-0.0004131807401916987,-0.018506184795520977,-0.048920168364632644,14,0.42857142857142855,0.9738570933032709,-1.0090241597193395,-999986.0
0.03,0.08,10,0.4,ABOVE_SMA200,True,9963.259086649115,-36.74091335088451,-0.0036740913350884474,-0.0010754955568049729,-0.06344380087575215,-0.04892016836463242,14,0.35714285714285715,0.9339382765578862,-2.6243509536345107,-999986.0
0.03,0.1,10,0.4,ABOVE_SMA200,True,9963.259086649115,-36.74091335088451,-0.0036740913350884474,-0.0010754955568049729,-0.06344380087575215,-0.04892016836463242,14,0.35714285714285715,0.9339382765578862,-2.6243509536345107,-999986.0
0.03,0.06,10,0.4,ABOVE_SMA200,False,9947.120736058114,-52.879263941886165,-0.0052879263941886245,-0.0015487914407802394,-0.09206718614791089,-0.048920168364632644,14,0.42857142857142855,0.9021389945276426,-3.7770902815634275,-999986.0
0.03,0.06,10,0.4,ABOVE_SMA200,True,9924.593923013897,-75.40607698610256,-0.007540607698610202,-0.002210353814705801,-0.1401428928787401,-0.04892016836463242,14,0.35714285714285715,0.8644166693370762,-5.386148356150151,-999986.0
0.04,0.08,7,0.4,ABOVE_SMA200,False,9918.548974238904,-81.45102576109639,-0.008145102576109675,-0.0023880613179501076,-0.16106319621442008,-0.03378808324246818,13,0.46153846153846156,0.8010963015809572,-6.265463520084302,-999987.0
0.04,0.1,7,0.4,ABOVE_SMA200,False,9918.548974238904,-81.45102576109639,-0.008145102576109675,-0.0023880613179501076,-0.16106319621442008,-0.03378808324246818,13,0.46153846153846156,0.8010963015809572,-6.265463520084302,-999987.0
0.04,0.06,7,0.4,ABOVE_SMA200,False,9906.399040685408,-93.60095931459182,-0.009360095931459145,-0.002745473211243632,-0.18761827644083645,-0.03378808324246818,13,0.46153846153846156,0.7714261200607848,-7.20007379343014,-999987.0
0.04,0.08,7,0.4,ABOVE_SMA200,True,9880.119774292078,-119.88022570792236,-0.011988022570792234,-0.0035195869466287943,-0.24911484802582964,-0.03648419366266775,13,0.38461538461538464,0.7177744484035296,-9.221555823686126,-999987.0
0.04,0.1,7,0.4,ABOVE_SMA200,True,9880.119774292078,-119.88022570792236,-0.011988022570792234,-0.0035195869466287943,-0.24911484802582964,-0.03648419366266775,13,0.38461538461538464,0.7177744484035296,-9.221555823686126,-999987.0
0.04,0.06,7,0.4,ABOVE_SMA200,True,9868.016915389027,-131.98308461097258,-0.013198308461097263,-0.0038765934511116873,-0.27721099533858434,-0.03648419366266775,13,0.38461538461538464,0.6892815421745222,-10.15254497007471,-999987.0
0.05,0.06,10,0.55,NONE,False,9717.69254397008,-282.3074560299192,-0.02823074560299188,-0.008336860990802886,-0.3471019193724738,-0.04472812377747748,13,0.46153846153846156,0.628220616861408,-21.715958156147735,-999987.0
0.05,0.08,10,0.55,NONE,False,9681.895207352305,-318.1047926476949,-0.03181047926476954,-0.009406191330215696,-0.3885363091977047,-0.04780361198961458,13,0.46153846153846156,0.5803052796324277,-24.469599434438177,-999987.0
0.05,0.1,10,0.55,NONE,False,9681.895207352305,-318.1047926476949,-0.03181047926476954,-0.009406191330215696,-0.3885363091977047,-0.04780361198961458,13,0.46153846153846156,0.5803052796324277,-24.469599434438177,-999987.0
0.05,0.06,10,0.55,NONE,True,9653.66779590058,-346.3322040994208,-0.0346332204099421,-0.010251369134648525,-0.43176939538971953,-0.05102190606543233,13,0.46153846153846156,0.5422504662570135,-26.640938776878627,-999987.0
0.05,0.08,10,0.55,NONE,True,9649.171720495127,-350.8282795048726,-0.03508282795048723,-0.010386150857114473,-0.43384137430292796,-0.05102190606543233,13,0.46153846153846156,0.5362729572369522,-26.986790731144048,-999987.0
0.05,0.1,10,0.55,NONE,True,9649.171720495127,-350.8282795048726,-0.03508282795048723,-0.010386150857114473,-0.43384137430292796,-0.05102190606543233,13,0.46153846153846156,0.5362729572369522,-26.986790731144048,-999987.0
0.04,0.08,10,0.4,ABOVE_SMA200,False,10011.059195813516,11.059195813515544,0.0011059195813516443,0.00032318184390800475,0.029030203162846605,-0.03706315063527321,12,0.4166666666666667,1.0237206493379476,0.9215996511263711,-999988.0
0.04,0.1,10,0.4,ABOVE_SMA200,False,10011.059195813516,11.059195813515544,0.0011059195813516443,0.00032318184390800475,0.029030203162846605,-0.03706315063527321,12,0.4166666666666667,1.0237206493379476,0.9215996511263711,-999988.0
0.04,0.08,10,0.4,ABOVE_SMA200,True,9988.387584111739,-11.61241588826124,-0.001161241588826134,-0.0003396208781480947,-0.016265549479304177,-0.03688418151657025,12,0.3333333333333333,0.9759180460755449,-0.9677013240218836,-999988.0
0.04,0.1,10,0.4,ABOVE_SMA200,True,9988.387584111739,-11.61241588826124,-0.001161241588826134,-0.0003396208781480947,-0.016265549479304177,-0.03688418151657025,12,0.3333333333333333,0.9759180460755449,-0.9677013240218836,-999988.0
0.04,0.06,10,0.4,ABOVE_SMA200,False,9972.208530724753,-27.791469275247437,-0.0027791469275247893,-0.0008132654235639691,-0.04736429179249293,-0.03706315063527321,12,0.4166666666666667,0.9403906298088356,-2.3159557729372486,-999988.0
0.04,0.06,10,0.4,ABOVE_SMA200,True,9949.624902439715,-50.37509756028521,-0.005037509756028569,-0.0014753151486326388,-0.09620202852586922,-0.03688418151657025,12,0.3333333333333333,0.8955315767141182,-4.197924796690434,-999988.0
0.05,0.08,7,0.4,ABOVE_SMA200,False,9907.886191779093,-92.11380822090723,-0.00921138082209072,-0.002701709363209903,-0.1838337823572909,-0.036227272991952275,12,0.5,0.7236814976614031,-7.67615068507583,-999988.0
0.05,0.1,7,0.4,ABOVE_SMA200,False,9907.886191779093,-92.11380822090723,-0.00921138082209072,-0.002701709363209903,-0.1838337823572909,-0.036227272991952275,12,0.5,0.7236814976614031,-7.67615068507583,-999988.0
0.05,0.06,7,0.4,ABOVE_SMA200,False,9895.74931982349,-104.25068017651029,-0.010425068017650974,-0.0030590088866154774,-0.21063649527361636,-0.036227272991952275,12,0.5,0.6872739020292206,-8.687556681376009,-999988.0
0.03,0.06,5,0.5,ABOVE_SMA200,False,9887.7574343613,-112.2425656387004,-0.01122425656387005,-0.003294452782281687,-0.25885316676346837,-0.03000482766888668,12,0.4166666666666667,0.658509299722739,-9.35354713655829,-999988.0
0.03,0.08,5,0.5,ABOVE_SMA200,False,9887.7574343613,-112.2425656387004,-0.01122425656387005,-0.003294452782281687,-0.25885316676346837,-0.03000482766888668,12,0.4166666666666667,0.658509299722739,-9.35354713655829,-999988.0
0.03,0.1,5,0.5,ABOVE_SMA200,False,9887.7574343613,-112.2425656387004,-0.01122425656387005,-0.003294452782281687,-0.25885316676346837,-0.03000482766888668,12,0.4166666666666667,0.658509299722739,-9.35354713655829,-999988.0
0.05,0.08,7,0.4,ABOVE_SMA200,True,9869.49830454849,-130.5016954515104,-0.013050169545151036,-0.0038328792415334156,-0.2729558614037154,-0.03752000640768227,12,0.4166666666666667,0.6259877872325439,-10.8751412876256,-999988.0
0.05,0.1,7,0.4,ABOVE_SMA200,True,9869.49830454849,-130.5016954515104,-0.013050169545151036,-0.0038328792415334156,-0.2729558614037154,-0.03752000640768227,12,0.4166666666666667,0.6259877872325439,-10.8751412876256,-999988.0
0.05,0.06,7,0.4,ABOVE_SMA200,True,9857.408456636456,-142.59154336354368,-0.014259154336354385,-0.004189773503582184,-0.3013326345475819,-0.03752000640768227,12,0.4166666666666667,0.591338806206226,-11.882628613628375,-999988.0
0.03,0.06,5,0.5,ABOVE_SMA200,True,9839.200568655806,-160.7994313441941,-0.016079943134419405,-0.004727858302373322,-0.38920485861267484,-0.030004827668887346,12,0.3333333333333333,0.5324650736170754,-13.399952612015985,-999988.0
0.03,0.08,5,0.5,ABOVE_SMA200,True,9839.200568655806,-160.7994313441941,-0.016079943134419405,-0.004727858302373322,-0.38920485861267484,-0.030004827668887346,12,0.3333333333333333,0.5324650736170754,-13.399952612015985,-999988.0
0.03,0.1,5,0.5,ABOVE_SMA200,True,9839.200568655806,-160.7994313441941,-0.016079943134419405,-0.004727858302373322,-0.38920485861267484,-0.030004827668887346,12,0.3333333333333333,0.5324650736170754,-13.399952612015985,-999988.0
0.04,0.06,5,0.5,ABOVE_SMA200,False,9814.863769284171,-185.1362307158288,-0.018513623071582885,-0.005448167939747339,-0.41882441807858534,-0.034725053545905715,12,0.4166666666666667,0.5383761693019115,-15.428019226319066,-999988.0
0.04,0.08,5,0.5,ABOVE_SMA200,False,9814.863769284171,-185.1362307158288,-0.018513623071582885,-0.005448167939747339,-0.41882441807858534,-0.034725053545905715,12,0.4166666666666667,0.5383761693019115,-15.428019226319066,-999988.0
0.04,0.1,5,0.5,ABOVE_SMA200,False,9814.863769284171,-185.1362307158288,-0.018513623071582885,-0.005448167939747339,-0.41882441807858534,-0.034725053545905715,12,0.4166666666666667,0.5383761693019115,-15.428019226319066,-999988.0
0.05,0.06,5,0.5,ABOVE_SMA200,False,9774.157242104351,-225.8427578956489,-0.0225842757895649,-0.00665581167180096,-0.5058993649574597,-0.03959255057324951,12,0.4166666666666667,0.35892315194650287,-18.820229824637142,-999988.0
0.05,0.08,5,0.5,ABOVE_SMA200,False,9774.157242104351,-225.8427578956489,-0.0225842757895649,-0.00665581167180096,-0.5058993649574597,-0.03959255057324951,12,0.4166666666666667,0.35892315194650287,-18.820229824637142,-999988.0
0.05,0.1,5,0.5,ABOVE_SMA200,False,9774.157242104351,-225.8427578956489,-0.0225842757895649,-0.00665581167180096,-0.5058993649574597,-0.03959255057324951,12,0.4166666666666667,0.35892315194650287,-18.820229824637142,-999988.0
0.04,0.06,5,0.5,ABOVE_SMA200,True,9766.664870279361,-233.3351297206391,-0.023333512972063875,-0.006878476108566067,-0.5502848745381048,-0.03498868710522951,12,0.3333333333333333,0.43902424568932136,-19.444594143386286,-999988.0
0.04,0.08,5,0.5,ABOVE_SMA200,True,9766.664870279361,-233.3351297206391,-0.023333512972063875,-0.006878476108566067,-0.5502848745381048,-0.03498868710522951,12,0.3333333333333333,0.43902424568932136,-19.444594143386286,-999988.0
0.04,0.1,5,0.5,ABOVE_SMA200,True,9766.664870279361,-233.3351297206391,-0.023333512972063875,-0.006878476108566067,-0.5502848745381048,-0.03498868710522951,12,0.3333333333333333,0.43902424568932136,-19.444594143386286,-999988.0
0.05,0.06,5,0.5,ABOVE_SMA200,True,9726.158244986978,-273.8417550130216,-0.02738417550130212,-0.008084383075737778,-0.6381847935009604,-0.03959255057324951,12,0.3333333333333333,0.25468374421959533,-22.820146251085095,-999988.0
0.05,0.08,5,0.5,ABOVE_SMA200,True,9726.158244986978,-273.8417550130216,-0.02738417550130212,-0.008084383075737778,-0.6381847935009604,-0.03959255057324951,12,0.3333333333333333,0.25468374421959533,-22.820146251085095,-999988.0
0.05,0.1,5,0.5,ABOVE_SMA200,True,9726.158244986978,-273.8417550130216,-0.02738417550130212,-0.008084383075737778,-0.6381847935009604,-0.03959255057324951,12,0.3333333333333333,0.25468374421959533,-22.820146251085095,-999988.0
0.05,0.08,10,0.4,ABOVE_SMA200,False,9957.452661798541,-42.54733820145884,-0.004254733820145851,-0.001245720383922455,-0.07517808746097772,-0.04221941891419112,11,0.45454545454545453,0.8970365437047393,-3.8679398364964652,-999989.0
0.05,0.1,10,0.4,ABOVE_SMA200,False,9957.452661798541,-42.54733820145884,-0.004254733820145851,-0.001245720383922455,-0.07517808746097772,-0.04221941891419112,11,0.45454545454545453,0.8970365437047393,-3.8679398364964652,-999989.0
0.05,0.08,10,0.4,ABOVE_SMA200,True,9934.902450490075,-65.09754950992465,-0.006509754950992486,-0.0019074835692707293,-0.12428054632785189,-0.0417407909216696,11,0.36363636363636365,0.8483723737890092,-5.9179590463568275,-999989.0
0.05,0.1,10,0.4,ABOVE_SMA200,True,9934.902450490075,-65.09754950992465,-0.006509754950992486,-0.0019074835692707293,-0.12428054632785189,-0.0417407909216696,11,0.36363636363636365,0.8483723737890092,-5.9179590463568275,-999989.0
0.05,0.06,10,0.4,ABOVE_SMA200,False,9918.810031589888,-81.18996841011176,-0.008118996841011139,-0.00238038525278339,-0.15243286827598632,-0.04221941891419112,11,0.45454545454545453,0.8035223796039666,-7.3809062191012345,-999989.0
0.05,0.06,10,0.4,ABOVE_SMA200,True,9896.347332570589,-103.65266742941094,-0.010365266742941137,-0.0030413966221414235,-0.20517890686463858,-0.0417407909216696,11,0.36363636363636365,0.7585683634625516,-9.422969766310045,-999989.0
0.03,0.06,7,0.5,ABOVE_SMA200,False,9820.18226688427,-179.81773311572942,-0.017981773311572913,-0.0052906456060041185,-0.4147220341045138,-0.03594785968820813,11,0.36363636363636365,0.577845778882674,-16.347066646884535,-999989.0
0.03,0.08,7,0.5,ABOVE_SMA200,False,9820.18226688427,-179.81773311572942,-0.017981773311572913,-0.0052906456060041185,-0.4147220341045138,-0.03594785968820813,11,0.36363636363636365,0.577845778882674,-16.347066646884535,-999989.0
0.03,0.1,7,0.5,ABOVE_SMA200,False,9820.18226688427,-179.81773311572942,-0.017981773311572913,-0.0052906456060041185,-0.4147220341045138,-0.03594785968820813,11,0.36363636363636365,0.577845778882674,-16.347066646884535,-999989.0
0.03,0.06,7,0.5,ABOVE_SMA200,True,9782.13418658256,-217.86581341744022,-0.02178658134174405,-0.0064188790241707094,-0.5263857264732752,-0.03594785968820813,11,0.2727272727272727,0.5062723918356479,-19.80598303794936,-999989.0
0.03,0.08,7,0.5,ABOVE_SMA200,True,9782.13418658256,-217.86581341744022,-0.02178658134174405,-0.0064188790241707094,-0.5263857264732752,-0.03594785968820813,11,0.2727272727272727,0.5062723918356479,-19.80598303794936,-999989.0
0.03,0.1,7,0.5,ABOVE_SMA200,True,9782.13418658256,-217.86581341744022,-0.02178658134174405,-0.0064188790241707094,-0.5263857264732752,-0.03594785968820813,11,0.2727272727272727,0.5062723918356479,-19.80598303794936,-999989.0
0.03,0.06,10,0.5,ABOVE_SMA200,False,9834.455236043194,-165.5447639568065,-0.01655447639568064,-0.004868209490440978,-0.36491799780184453,-0.03891588060613005,10,0.4,0.638697690892186,-16.554476395680876,-999990.0
0.03,0.08,10,0.5,ABOVE_SMA200,False,9834.455236043194,-165.5447639568065,-0.01655447639568064,-0.004868209490440978,-0.36491799780184453,-0.03891588060613005,10,0.4,0.638697690892186,-16.554476395680876,-999990.0
0.03,0.1,10,0.5,ABOVE_SMA200,False,9834.455236043194,-165.5447639568065,-0.01655447639568064,-0.004868209490440978,-0.36491799780184453,-0.03891588060613005,10,0.4,0.638697690892186,-16.554476395680876,-999990.0
0.03,0.06,10,0.5,ABOVE_SMA200,True,9812.183571671916,-187.81642832808393,-0.018781642832808365,-0.005527572455856555,-0.43734810722681855,-0.03891588060613027,10,0.3,0.6039134313957095,-18.781642832808302,-999990.0
0.03,0.08,10,0.5,ABOVE_SMA200,True,9812.183571671916,-187.81642832808393,-0.018781642832808365,-0.005527572455856555,-0.43734810722681855,-0.03891588060613027,10,0.3,0.6039134313957095,-18.781642832808302,-999990.0
0.03,0.1,10,0.5,ABOVE_SMA200,True,9812.183571671916,-187.81642832808393,-0.018781642832808365,-0.005527572455856555,-0.43734810722681855,-0.03891588060613027,10,0.3,0.6039134313957095,-18.781642832808302,-999990.0
0.04,0.06,10,0.5,ABOVE_SMA200,False,9913.447068307532,-86.55293169246761,-0.008655293169246736,-0.002538105194505924,-0.1891249141450074,-0.03276028034685474,9,0.4444444444444444,0.7716883460216465,-9.61699241027433,-999991.0
0.04,0.08,10,0.5,ABOVE_SMA200,False,9913.447068307532,-86.55293169246761,-0.008655293169246736,-0.002538105194505924,-0.1891249141450074,-0.03276028034685474,9,0.4444444444444444,0.7716883460216465,-9.61699241027433,-999991.0
0.04,0.1,10,0.5,ABOVE_SMA200,False,9913.447068307532,-86.55293169246761,-0.008655293169246736,-0.002538105194505924,-0.1891249141450074,-0.03276028034685474,9,0.4444444444444444,0.7716883460216465,-9.61699241027433,-999991.0
0.04,0.06,10,0.5,ABOVE_SMA200,True,9890.996514558652,-109.00348544134795,-0.010900348544134797,-0.003199012060430828,-0.253424463972765,-0.03258051150706509,9,0.3333333333333333,0.72423047213412,-12.111498382371943,-999991.0
0.04,0.08,10,0.5,ABOVE_SMA200,True,9890.996514558652,-109.00348544134795,-0.010900348544134797,-0.003199012060430828,-0.253424463972765,-0.03258051150706509,9,0.3333333333333333,0.72423047213412,-12.111498382371943,-999991.0
0.04,0.1,10,0.5,ABOVE_SMA200,True,9890.996514558652,-109.00348544134795,-0.010900348544134797,-0.003199012060430828,-0.253424463972765,-0.03258051150706509,9,0.3333333333333333,0.72423047213412,-12.111498382371943,-999991.0
0.04,0.06,7,0.5,ABOVE_SMA200,False,9888.934394245734,-111.06560575426556,-0.011106560575426583,-0.0032597706558731288,-0.2639169865496335,-0.02930966836187643,9,0.4444444444444444,0.6888721439144626,-12.340622861585011,-999991.0
0.04,0.08,7,0.5,ABOVE_SMA200,False,9888.934394245734,-111.06560575426556,-0.011106560575426583,-0.0032597706558731288,-0.2639169865496335,-0.02930966836187643,9,0.4444444444444444,0.6888721439144626,-12.340622861585011,-999991.0
0.04,0.1,7,0.5,ABOVE_SMA200,False,9888.934394245734,-111.06560575426556,-0.011106560575426583,-0.0032597706558731288,-0.2639169865496335,-0.02930966836187643,9,0.4444444444444444,0.6888721439144626,-12.340622861585011,-999991.0
0.04,0.06,7,0.5,ABOVE_SMA200,True,9850.619935338036,-149.38006466196384,-0.014938006466196363,-0.004390307561964901,-0.3745611411225543,-0.02930966836187654,9,0.3333333333333333,0.5990433520204369,-16.597784962440276,-999991.0
0.04,0.08,7,0.5,ABOVE_SMA200,True,9850.619935338036,-149.38006466196384,-0.014938006466196363,-0.004390307561964901,-0.3745611411225543,-0.02930966836187654,9,0.3333333333333333,0.5990433520204369,-16.597784962440276,-999991.0
0.04,0.1,7,0.5,ABOVE_SMA200,True,9850.619935338036,-149.38006466196384,-0.014938006466196363,-0.004390307561964901,-0.3745611411225543,-0.02930966836187654,9,0.3333333333333333,0.5990433520204369,-16.597784962440276,-999991.0
0.05,0.06,7,0.5,ABOVE_SMA200,False,9878.30344848148,-121.69655151852021,-0.012169655151851977,-0.0035731446367205377,-0.2913014418234698,-0.03176016381302038,8,0.5,0.5656436680401313,-15.212068939814742,-999992.0
0.05,0.08,7,0.5,ABOVE_SMA200,False,9878.30344848148,-121.69655151852021,-0.012169655151851977,-0.0035731446367205377,-0.2913014418234698,-0.03176016381302038,8,0.5,0.5656436680401313,-15.212068939814742,-999992.0
0.05,0.1,7,0.5,ABOVE_SMA200,False,9878.30344848148,-121.69655151852021,-0.012169655151851977,-0.0035731446367205377,-0.2913014418234698,-0.03176016381302038,8,0.5,0.5656436680401313,-15.212068939814742,-999992.0
0.05,0.06,10,0.5,ABOVE_SMA200,False,9860.3632210264,-139.63677897359958,-0.013963677897359972,-0.004102519793047765,-0.3083767355525086,-0.03793958934084285,8,0.5,0.5723003680094663,-17.454597371699663,-999992.0
0.05,0.08,10,0.5,ABOVE_SMA200,False,9860.3632210264,-139.63677897359958,-0.013963677897359972,-0.004102519793047765,-0.3083767355525086,-0.03793958934084285,8,0.5,0.5723003680094663,-17.454597371699663,-999992.0
0.05,0.1,10,0.5,ABOVE_SMA200,False,9860.3632210264,-139.63677897359958,-0.013963677897359972,-0.004102519793047765,-0.3083767355525086,-0.03793958934084285,8,0.5,0.5723003680094663,-17.454597371699663,-999992.0
0.05,0.06,7,0.5,ABOVE_SMA200,True,9840.030178939434,-159.96982106056566,-0.0159969821060566,-0.004703326103310146,-0.40382073971238724,-0.03176016381302038,8,0.375,0.4596638086708191,-19.99622763257082,-999992.0
0.05,0.08,7,0.5,ABOVE_SMA200,True,9840.030178939434,-159.96982106056566,-0.0159969821060566,-0.004703326103310146,-0.40382073971238724,-0.03176016381302038,8,0.375,0.4596638086708191,-19.99622763257082,-999992.0
0.05,0.1,7,0.5,ABOVE_SMA200,True,9840.030178939434,-159.96982106056566,-0.0159969821060566,-0.004703326103310146,-0.40382073971238724,-0.03176016381302038,8,0.375,0.4596638086708191,-19.99622763257082,-999992.0
0.05,0.06,10,0.5,ABOVE_SMA200,True,9838.032883964854,-161.96711603514632,-0.016196711603514657,-0.004762390095716662,-0.378488269860829,-0.03745882260560951,8,0.375,0.527479593617514,-20.245889504393233,-999992.0
0.05,0.08,10,0.5,ABOVE_SMA200,True,9838.032883964854,-161.96711603514632,-0.016196711603514657,-0.004762390095716662,-0.378488269860829,-0.03745882260560951,8,0.375,0.527479593617514,-20.245889504393233,-999992.0
0.05,0.1,10,0.5,ABOVE_SMA200,True,9838.032883964854,-161.96711603514632,-0.016196711603514657,-0.004762390095716662,-0.378488269860829,-0.03745882260560951,8,0.375,0.527479593617514,-20.245889504393233,-999992.0
0.03,0.06,5,0.55,ABOVE_SMA200,True,9898.319724963225,-101.68027503677513,-0.010168027503677513,-0.0029833124015655743,-0.30402383468291516,-0.025029038078002053,7,0.2857142857142857,0.42245279753396836,-14.52575357668177,-999993.0
0.03,0.06,5,0.55,ABOVE_SMA200,False,9898.319724963225,-101.68027503677513,-0.010168027503677513,-0.0029833124015655743,-0.30402383468291516,-0.025029038078002053,7,0.2857142857142857,0.42245279753396836,-14.52575357668177,-999993.0
0.03,0.08,5,0.55,ABOVE_SMA200,True,9898.319724963225,-101.68027503677513,-0.010168027503677513,-0.0029833124015655743,-0.30402383468291516,-0.025029038078002053,7,0.2857142857142857,0.42245279753396836,-14.52575357668177,-999993.0
0.03,0.08,5,0.55,ABOVE_SMA200,False,9898.319724963225,-101.68027503677513,-0.010168027503677513,-0.0029833124015655743,-0.30402383468291516,-0.025029038078002053,7,0.2857142857142857,0.42245279753396836,-14.52575357668177,-999993.0
0.03,0.1,5,0.55,ABOVE_SMA200,True,9898.319724963225,-101.68027503677513,-0.010168027503677513,-0.0029833124015655743,-0.30402383468291516,-0.025029038078002053,7,0.2857142857142857,0.42245279753396836,-14.52575357668177,-999993.0
0.03,0.1,5,0.55,ABOVE_SMA200,False,9898.319724963225,-101.68027503677513,-0.010168027503677513,-0.0029833124015655743,-0.30402383468291516,-0.025029038078002053,7,0.2857142857142857,0.42245279753396836,-14.52575357668177,-999993.0
0.04,0.06,5,0.55,ABOVE_SMA200,True,9875.018744995006,-124.98125500499373,-0.012498125500499335,-0.003670017828814931,-0.3668447269402952,-0.027324152752470132,7,0.2857142857142857,0.3730487248390294,-17.854465000713326,-999993.0
0.04,0.06,5,0.55,ABOVE_SMA200,False,9875.018744995006,-124.98125500499373,-0.012498125500499335,-0.003670017828814931,-0.3668447269402952,-0.027324152752470132,7,0.2857142857142857,0.3730487248390294,-17.854465000713326,-999993.0
0.04,0.08,5,0.55,ABOVE_SMA200,True,9875.018744995006,-124.98125500499373,-0.012498125500499335,-0.003670017828814931,-0.3668447269402952,-0.027324152752470132,7,0.2857142857142857,0.3730487248390294,-17.854465000713326,-999993.0
0.04,0.08,5,0.55,ABOVE_SMA200,False,9875.018744995006,-124.98125500499373,-0.012498125500499335,-0.003670017828814931,-0.3668447269402952,-0.027324152752470132,7,0.2857142857142857,0.3730487248390294,-17.854465000713326,-999993.0
0.04,0.1,5,0.55,ABOVE_SMA200,True,9875.018744995006,-124.98125500499373,-0.012498125500499335,-0.003670017828814931,-0.3668447269402952,-0.027324152752470132,7,0.2857142857142857,0.3730487248390294,-17.854465000713326,-999993.0
0.04,0.1,5,0.55,ABOVE_SMA200,False,9875.018744995006,-124.98125500499373,-0.012498125500499335,-0.003670017828814931,-0.3668447269402952,-0.027324152752470132,7,0.2857142857142857,0.3730487248390294,-17.854465000713326,-999993.0
0.05,0.06,5,0.55,ABOVE_SMA200,True,9850.089385212741,-149.91061478725896,-0.014991061478725864,-0.004405984221473869,-0.43766857546471266,-0.029779660612629044,7,0.2857142857142857,0.3315550213981391,-21.415802112465176,-999993.0
0.05,0.06,5,0.55,ABOVE_SMA200,False,9850.089385212741,-149.91061478725896,-0.014991061478725864,-0.004405984221473869,-0.43766857546471266,-0.029779660612629044,7,0.2857142857142857,0.3315550213981391,-21.415802112465176,-999993.0
0.05,0.08,5,0.55,ABOVE_SMA200,True,9850.089385212741,-149.91061478725896,-0.014991061478725864,-0.004405984221473869,-0.43766857546471266,-0.029779660612629044,7,0.2857142857142857,0.3315550213981391,-21.415802112465176,-999993.0
0.05,0.08,5,0.55,ABOVE_SMA200,False,9850.089385212741,-149.91061478725896,-0.014991061478725864,-0.004405984221473869,-0.43766857546471266,-0.029779660612629044,7,0.2857142857142857,0.3315550213981391,-21.415802112465176,-999993.0
0.05,0.1,5,0.55,ABOVE_SMA200,True,9850.089385212741,-149.91061478725896,-0.014991061478725864,-0.004405984221473869,-0.43766857546471266,-0.029779660612629044,7,0.2857142857142857,0.3315550213981391,-21.415802112465176,-999993.0
0.05,0.1,5,0.55,ABOVE_SMA200,False,9850.089385212741,-149.91061478725896,-0.014991061478725864,-0.004405984221473869,-0.43766857546471266,-0.029779660612629044,7,0.2857142857142857,0.3315550213981391,-21.415802112465176,-999993.0
0.03,0.06,7,0.55,ABOVE_SMA200,True,9732.694023879474,-267.3059761205259,-0.026730597612052542,-0.007889568794686386,-0.7861118985846788,-0.03594785968820835,7,0.14285714285714285,0.22823301182036818,-38.18656801721779,-999993.0
0.03,0.06,7,0.55,ABOVE_SMA200,False,9732.694023879474,-267.3059761205259,-0.026730597612052542,-0.007889568794686386,-0.7861118985846788,-0.03594785968820835,7,0.14285714285714285,0.22823301182036818,-38.18656801721779,-999993.0
0.03,0.08,7,0.55,ABOVE_SMA200,True,9732.694023879474,-267.3059761205259,-0.026730597612052542,-0.007889568794686386,-0.7861118985846788,-0.03594785968820835,7,0.14285714285714285,0.22823301182036818,-38.18656801721779,-999993.0
0.03,0.08,7,0.55,ABOVE_SMA200,False,9732.694023879474,-267.3059761205259,-0.026730597612052542,-0.007889568794686386,-0.7861118985846788,-0.03594785968820835,7,0.14285714285714285,0.22823301182036818,-38.18656801721779,-999993.0
0.03,0.1,7,0.55,ABOVE_SMA200,True,9732.694023879474,-267.3059761205259,-0.026730597612052542,-0.007889568794686386,-0.7861118985846788,-0.03594785968820835,7,0.14285714285714285,0.22823301182036818,-38.18656801721779,-999993.0
0.03,0.1,7,0.55,ABOVE_SMA200,False,9732.694023879474,-267.3059761205259,-0.026730597612052542,-0.007889568794686386,-0.7861118985846788,-0.03594785968820835,7,0.14285714285714285,0.22823301182036818,-38.18656801721779,-999993.0
0.03,0.06,10,0.55,ABOVE_SMA200,True,9651.198494544655,-348.80150545534525,-0.034880150545534505,-0.010325387457387092,-0.9907548054523054,-0.042523087818748584,6,0.16666666666666666,0.07012457120872763,-58.13358424255739,-999994.0
0.03,0.06,10,0.55,ABOVE_SMA200,False,9651.198494544655,-348.80150545534525,-0.034880150545534505,-0.010325387457387092,-0.9907548054523054,-0.042523087818748584,6,0.16666666666666666,0.07012457120872763,-58.13358424255739,-999994.0
0.03,0.08,10,0.55,ABOVE_SMA200,True,9651.198494544655,-348.80150545534525,-0.034880150545534505,-0.010325387457387092,-0.9907548054523054,-0.042523087818748584,6,0.16666666666666666,0.07012457120872763,-58.13358424255739,-999994.0
0.03,0.08,10,0.55,ABOVE_SMA200,False,9651.198494544655,-348.80150545534525,-0.034880150545534505,-0.010325387457387092,-0.9907548054523054,-0.042523087818748584,6,0.16666666666666666,0.07012457120872763,-58.13358424255739,-999994.0
0.03,0.1,10,0.55,ABOVE_SMA200,True,9651.198494544655,-348.80150545534525,-0.034880150545534505,-0.010325387457387092,-0.9907548054523054,-0.042523087818748584,6,0.16666666666666666,0.07012457120872763,-58.13358424255739,-999994.0
0.03,0.1,10,0.55,ABOVE_SMA200,False,9651.198494544655,-348.80150545534525,-0.034880150545534505,-0.010325387457387092,-0.9907548054523054,-0.042523087818748584,6,0.16666666666666666,0.07012457120872763,-58.13358424255739,-999994.0
0.04,0.06,7,0.55,ABOVE_SMA200,True,9825.575717279824,-174.42428272017605,-0.017442428272017585,-0.005130964975380348,-0.5572366005520223,-0.029309668361876207,5,0.2,0.311865492199164,-34.884856544035664,-999995.0
0.04,0.06,7,0.55,ABOVE_SMA200,False,9825.575717279824,-174.42428272017605,-0.017442428272017585,-0.005130964975380348,-0.5572366005520223,-0.029309668361876207,5,0.2,0.311865492199164,-34.884856544035664,-999995.0
0.04,0.08,7,0.55,ABOVE_SMA200,True,9825.575717279824,-174.42428272017605,-0.017442428272017585,-0.005130964975380348,-0.5572366005520223,-0.029309668361876207,5,0.2,0.311865492199164,-34.884856544035664,-999995.0
0.04,0.08,7,0.55,ABOVE_SMA200,False,9825.575717279824,-174.42428272017605,-0.017442428272017585,-0.005130964975380348,-0.5572366005520223,-0.029309668361876207,5,0.2,0.311865492199164,-34.884856544035664,-999995.0
0.04,0.1,7,0.55,ABOVE_SMA200,True,9825.575717279824,-174.42428272017605,-0.017442428272017585,-0.005130964975380348,-0.5572366005520223,-0.029309668361876207,5,0.2,0.311865492199164,-34.884856544035664,-999995.0
0.04,0.1,7,0.55,ABOVE_SMA200,False,9825.575717279824,-174.42428272017605,-0.017442428272017585,-0.005130964975380348,-0.5572366005520223,-0.029309668361876207,5,0.2,0.311865492199164,-34.884856544035664,-999995.0
0.05,0.06,7,0.55,ABOVE_SMA200,True,9800.77117579497,-199.22882420503083,-0.019922882420503107,-0.005865852199470001,-0.6298556924888647,-0.03176016381302016,5,0.2,0.2840671667956389,-39.84576484100635,-999995.0
0.05,0.06,7,0.55,ABOVE_SMA200,False,9800.77117579497,-199.22882420503083,-0.019922882420503107,-0.005865852199470001,-0.6298556924888647,-0.03176016381302016,5,0.2,0.2840671667956389,-39.84576484100635,-999995.0
0.05,0.08,7,0.55,ABOVE_SMA200,True,9800.77117579497,-199.22882420503083,-0.019922882420503107,-0.005865852199470001,-0.6298556924888647,-0.03176016381302016,5,0.2,0.2840671667956389,-39.84576484100635,-999995.0
0.05,0.08,7,0.55,ABOVE_SMA200,False,9800.77117579497,-199.22882420503083,-0.019922882420503107,-0.005865852199470001,-0.6298556924888647,-0.03176016381302016,5,0.2,0.2840671667956389,-39.84576484100635,-999995.0
0.05,0.1,7,0.55,ABOVE_SMA200,True,9800.77117579497,-199.22882420503083,-0.019922882420503107,-0.005865852199470001,-0.6298556924888647,-0.03176016381302016,5,0.2,0.2840671667956389,-39.84576484100635,-999995.0
0.05,0.1,7,0.55,ABOVE_SMA200,False,9800.77117579497,-199.22882420503083,-0.019922882420503107,-0.005865852199470001,-0.6298556924888647,-0.03176016381302016,5,0.2,0.2840671667956389,-39.84576484100635,-999995.0
0.04,0.06,10,0.55,ABOVE_SMA200,True,9753.27840730291,-246.72159269708936,-0.024672159269708893,-0.007276607073644081,-0.7219126684522255,-0.036211497064001286,5,0.2,0.09634301784606043,-49.3443185394176,-999995.0
0.04,0.06,10,0.55,ABOVE_SMA200,False,9753.27840730291,-246.72159269708936,-0.024672159269708893,-0.007276607073644081,-0.7219126684522255,-0.036211497064001286,5,0.2,0.09634301784606043,-49.3443185394176,-999995.0
0.04,0.08,10,0.55,ABOVE_SMA200,True,9753.27840730291,-246.72159269708936,-0.024672159269708893,-0.007276607073644081,-0.7219126684522255,-0.036211497064001286,5,0.2,0.09634301784606043,-49.3443185394176,-999995.0
0.04,0.08,10,0.55,ABOVE_SMA200,False,9753.27840730291,-246.72159269708936,-0.024672159269708893,-0.007276607073644081,-0.7219126684522255,-0.036211497064001286,5,0.2,0.09634301784606043,-49.3443185394176,-999995.0
0.04,0.1,10,0.55,ABOVE_SMA200,True,9753.27840730291,-246.72159269708936,-0.024672159269708893,-0.007276607073644081,-0.7219126684522255,-0.036211497064001286,5,0.2,0.09634301784606043,-49.3443185394176,-999995.0
0.04,0.1,10,0.55,ABOVE_SMA200,False,9753.27840730291,-246.72159269708936,-0.024672159269708893,-0.007276607073644081,-0.7219126684522255,-0.036211497064001286,5,0.2,0.09634301784606043,-49.3443185394176,-999995.0
0.05,0.06,10,0.55,ABOVE_SMA200,True,9704.096509617912,-295.9034903820884,-0.029590349038208896,-0.008742669973586192,-0.8458599728830425,-0.041071498548823304,5,0.2,0.08163718137412454,-59.18069807641787,-999995.0
0.05,0.06,10,0.55,ABOVE_SMA200,False,9704.096509617912,-295.9034903820884,-0.029590349038208896,-0.008742669973586192,-0.8458599728830425,-0.041071498548823304,5,0.2,0.08163718137412454,-59.18069807641787,-999995.0
0.05,0.08,10,0.55,ABOVE_SMA200,True,9704.096509617912,-295.9034903820884,-0.029590349038208896,-0.008742669973586192,-0.8458599728830425,-0.041071498548823304,5,0.2,0.08163718137412454,-59.18069807641787,-999995.0
0.05,0.08,10,0.55,ABOVE_SMA200,False,9704.096509617912,-295.9034903820884,-0.029590349038208896,-0.008742669973586192,-0.8458599728830425,-0.041071498548823304,5,0.2,0.08163718137412454,-59.18069807641787,-999995.0
0.05,0.1,10,0.55,ABOVE_SMA200,True,9704.096509617912,-295.9034903820884,-0.029590349038208896,-0.008742669973586192,-0.8458599728830425,-0.041071498548823304,5,0.2,0.08163718137412454,-59.18069807641787,-999995.0
0.05,0.1,10,0.55,ABOVE_SMA200,False,9704.096509617912,-295.9034903820884,-0.029590349038208896,-0.008742669973586192,-0.8458599728830425,-0.041071498548823304,5,0.2,0.08163718137412454,-59.18069807641787,-999995.0
