Date,Cash,Position_Value,Total_Equity,Signal,In_Position
2020-10-16,7500.0,2487.289763503907,9987.289763503908,BUY,True
2020-10-19,7500.0,2449.4746111098643,9949.474611109865,BUY,True
2020-10-20,7500.0,2459.286235332477,9959.286235332478,BUY,True
2020-10-21,7500.0,2454.630760763978,9954.630760763977,BUY,True
2020-10-22,7500.0,2468.095327431346,9968.095327431347,BUY,True
2020-10-23,7481.799181024301,2492.104019639162,9973.903200663462,BUY,True
2020-10-26,7481.799181024301,2446.050234690136,9927.849415714438,BUY,True
2020-10-27,7481.799181024301,2437.617543288538,9919.41672431284,BUY,True
2020-10-28,7424.960061495352,2433.7147192777543,9858.674780773106,BUY,True
2020-10-29,7424.960061495352,2458.4491993285246,9883.409260823877,BUY,True
2020-10-30,7424.960061495352,2432.820112344069,9857.780173839421,BUY,True
2020-11-02,7424.960061495352,2460.0884103840344,9885.048471879387,BUY,True
2020-11-03,7424.960061495352,2503.5238147613054,9928.483876256658,BUY,True
2020-11-04,7487.751272230042,2514.786837158766,10002.538109388808,BUY,True
2020-11-05,7487.751272230042,2563.832030322758,10051.583302552799,BUY,True
2020-11-06,7487.751272230042,2563.246361262408,10050.99763349245,WAIT,True
2020-11-09,10132.365278295969,0.0,10132.365278295969,WAIT,False
2020-11-10,10132.365278295969,0.0,10132.365278295969,WAIT,False
2020-11-11,10132.365278295969,0.0,10132.365278295969,WAIT,False
2020-11-12,10132.365278295969,0.0,10132.365278295969,WAIT,False
2020-11-13,10132.365278295969,0.0,10132.365278295969,WAIT,False
2020-11-16,7599.273958721977,2543.4856439183177,10142.759602640293,BUY,True
2020-11-17,7599.273958721977,2529.806260696443,10129.08021941842,WAIT,True
2020-11-18,7599.273958721977,2499.3605507175293,10098.634509439506,WAIT,True
2020-11-19,7599.273958721977,2509.882832596621,10109.156791318597,WAIT,True
2020-11-20,7599.273958721977,2492.6957905377967,10091.969749259773,BUY,True
2020-11-23,7579.6197988254235,2527.0546015681407,10106.674400393564,BUY,True
2020-11-24,7579.6197988254235,2567.7755994233967,10147.39539824882,BUY,True
2020-11-25,7579.6197988254235,2563.8163412945837,10143.436140120008,BUY,True
2020-11-27,7579.6197988254235,2570.956679460532,10150.576478285955,WAIT,True
2020-11-30,7579.6197988254235,2559.5747456872305,10139.194544512655,WAIT,True
2020-12-01,10166.413136409677,0.0,10166.413136409677,WAIT,False
2020-12-02,10166.413136409677,0.0,10166.413136409677,WAIT,False
2020-12-03,10166.413136409677,0.0,10166.413136409677,WAIT,False
2020-12-04,7624.809852307259,2558.341592044654,10183.151444351912,BUY,True
2020-12-07,7624.809852307259,2553.0847060559845,10177.894558363243,WAIT,True
2020-12-08,7624.809852307259,2560.5555344304144,10185.365386737672,WAIT,True
2020-12-09,7624.809852307259,2537.590534037088,10162.400386344347,WAIT,True
2020-12-10,7624.809852307259,2536.7603912594636,10161.570243566723,WAIT,True
2020-12-11,7618.376781364248,2548.437362367388,10166.814143731635,BUY,True
2020-12-14,7618.376781364248,2537.0276226711167,10155.404404035366,BUY,True
2020-12-15,7618.376781364248,2571.326649976721,10189.70343134097,BUY,True
2020-12-16,7618.376781364248,2575.361748613042,10193.73852997729,WAIT,True
2020-12-17,7618.376781364248,2589.763367442743,10208.140148806991,WAIT,True
2020-12-18,10197.025572248955,0.0,10197.025572248955,WAIT,False
2020-12-21,10197.025572248955,0.0,10197.025572248955,WAIT,False
2020-12-22,10197.025572248955,0.0,10197.025572248955,WAIT,False
2020-12-23,10197.025572248955,0.0,10197.025572248955,SELL,False
2020-12-24,10197.025572248955,0.0,10197.025572248955,SELL,False
2020-12-28,10197.025572248955,0.0,10197.025572248955,SELL,False
2020-12-29,10197.025572248955,0.0,10197.025572248955,WAIT,False
2020-12-30,10197.025572248955,0.0,10197.025572248955,WAIT,False
2020-12-31,10197.025572248955,0.0,10197.025572248955,WAIT,False
2021-01-04,10197.025572248955,0.0,10197.025572248955,WAIT,False
2021-01-05,10197.025572248955,0.0,10197.025572248955,SELL,False
2021-01-06,10197.025572248955,0.0,10197.025572248955,SELL,False
2021-01-07,10197.025572248955,0.0,10197.025572248955,SELL,False
2021-01-08,10197.025572248955,0.0,10197.025572248955,SELL,False
2021-01-11,10197.025572248955,0.0,10197.025572248955,WAIT,False
2021-01-12,10197.025572248955,0.0,10197.025572248955,WAIT,False
2021-01-13,10197.025572248955,0.0,10197.025572248955,WAIT,False
2021-01-14,10197.025572248955,0.0,10197.025572248955,WAIT,False
2021-01-15,10197.025572248955,0.0,10197.025572248955,WAIT,False
2021-01-19,10197.025572248955,0.0,10197.025572248955,WAIT,False
2021-01-20,7647.769179186716,2567.0819184658258,10214.851097652543,BUY,True
2021-01-21,7647.769179186716,2569.4218805481487,10217.191059734865,WAIT,True
2021-01-22,7647.769179186716,2560.327961975561,10208.097141162278,WAIT,True
2021-01-25,7647.769179186716,2570.425600547206,10218.194779733923,BUY,True
2021-01-26,7647.769179186716,2566.413577647535,10214.182756834252,BUY,True
2021-01-27,10150.707661506554,0.0,10150.707661506554,WAIT,False
2021-01-28,10150.707661506554,0.0,10150.707661506554,WAIT,False
2021-01-29,7613.030746129916,2499.3648876441966,10112.395633774113,BUY,True
2021-02-01,7613.030746129916,2540.9685138804302,10153.999260010347,BUY,True
2021-02-02,7613.030746129916,2576.8983634320293,10189.929109561945,BUY,True
2021-02-03,7613.030746129916,2578.9240621927966,10191.954808322713,BUY,True
2021-02-04,7613.030746129916,2608.2358744276876,10221.266620557604,BUY,True
2021-02-05,7673.059596040465,2553.691832848152,10226.751428888618,BUY,True
2021-02-08,7673.059596040465,2572.1345229446115,10245.194118985077,WAIT,True
2021-02-09,7673.059596040465,2570.4224126567674,10243.482008697232,WAIT,True
2021-02-10,7673.059596040465,2569.3017153549376,10242.361311395403,WAIT,True
2021-02-11,7673.059596040465,2573.4519971147747,10246.51159315524,WAIT,True
2021-02-12,10258.44857692984,0.0,10258.44857692984,WAIT,False
2021-02-16,10258.44857692984,0.0,10258.44857692984,WAIT,False
2021-02-17,10258.44857692984,0.0,10258.44857692984,WAIT,False
2021-02-18,10258.44857692984,0.0,10258.44857692984,WAIT,False
2021-02-19,10258.44857692984,0.0,10258.44857692984,WAIT,False
2021-02-22,7693.836432697381,2563.6442314521873,10257.480664149567,BUY,True
2021-02-23,7693.836432697381,2566.7575830748287,10260.594015772209,BUY,True
2021-02-24,7693.836432697381,2595.0416021060305,10288.87803480341,BUY,True
2021-02-25,7693.836432697381,2532.512021435808,10226.348454133189,BUY,True
2021-02-26,7693.836432697381,2519.4632008701474,10213.299633567527,BUY,True
2021-03-01,7705.198031199056,2594.1981956902214,10299.396226889277,BUY,True
2021-03-02,7705.198031199056,2573.9550449694357,10279.153076168492,BUY,True
2021-03-03,7705.198031199056,2539.861478700781,10245.059509899836,BUY,True
2021-03-04,7646.661753855458,2517.9105845429167,10164.572338398375,BUY,True
2021-03-05,7646.661753855458,2564.230613915778,10210.892367771237,BUY,True
2021-03-08,7646.661753855458,2551.4642724379332,10198.126026293392,BUY,True
2021-03-09,7646.661753855458,2587.892490614257,10234.554244469715,BUY,True
2021-03-10,7646.661753855458,2604.001063937712,10250.66281779317,BUY,True
2021-03-11,7707.2074424680195,2576.810848704636,10284.018291172655,BUY,True
2021-03-12,7707.2074424680195,2580.2808213426006,10287.488263810621,BUY,True
2021-03-15,7707.2074424680195,2595.668871671615,10302.876314139634,WAIT,True
2021-03-16,7707.2074424680195,2592.3949511964624,10299.602393664481,BUY,True
2021-03-17,7707.2074424680195,2601.234514958829,10308.441957426849,BUY,True
2021-03-18,7702.369414815259,2547.1668974422846,10249.536312257544,BUY,True
2021-03-19,7702.369414815259,2542.4535689290155,10244.822983744274,WAIT,True
2021-03-22,7702.369414815259,2562.7548185278174,10265.124233343076,BUY,True
2021-03-23,7702.369414815259,2542.5842274164534,10244.953642231712,BUY,True
2021-03-24,7702.369414815259,2529.658873969354,10232.028288784613,BUY,True
2021-03-25,7684.122191716572,2585.284458193526,10269.406649910099,BUY,True
2021-03-26,7684.122191716572,2626.9462174880614,10311.068409204634,BUY,True
2021-03-29,7684.122191716572,2625.619240991731,10309.741432708302,BUY,True
2021-03-30,7684.122191716572,2618.6533750177937,10302.775566734366,BUY,True
2021-03-31,7684.122191716572,2629.268100371584,10313.390292088156,BUY,True
2021-04-01,7755.7399217635675,2598.807742153758,10354.547663917325,BUY,True
2021-04-05,7755.7399217635675,2636.108903587546,10391.848825351113,BUY,True
2021-04-06,7755.7399217635675,2634.551624831198,10390.291546594766,BUY,True
2021-04-07,7755.7399217635675,2637.6009415444673,10393.340863308034,BUY,True
2021-04-08,7755.7399217635675,2650.1203746904816,10405.86029645405,BUY,True
2021-04-09,7818.245115336702,2625.0761747912816,10443.321290127984,BUY,True
2021-04-12,7818.245115336702,2626.0331083908295,10444.278223727531,WAIT,True
2021-04-13,7818.245115336702,2633.816056876166,10452.061172212867,BUY,True
2021-04-14,7818.245115336702,2624.821215413372,10443.066330750074,WAIT,True
2021-04-15,7818.245115336702,2653.0180507454047,10471.263166082106,WAIT,True
2021-04-16,7859.499011602424,2619.110067870174,10478.609079472597,BUY,True
2021-04-19,7859.499011602424,2606.2426829534434,10465.741694555867,WAIT,True
2021-04-20,7859.499011602424,2587.161110083175,10446.6601216856,WAIT,True
2021-04-21,7859.499011602424,2611.640745961162,10471.139757563586,BUY,True
2021-04-22,7859.499011602424,2587.7882658112544,10447.287277413678,BUY,True
2021-04-23,7855.920371268932,2642.3929112312703,10498.313282500203,BUY,True
2021-04-26,7855.920371268932,2647.9093158408136,10503.829687109746,BUY,True
2021-04-27,7855.920371268932,2647.3387320821566,10503.259103351089,BUY,True
2021-04-28,7855.920371268932,2646.5776767884836,10502.498048057416,WAIT,True
2021-04-29,7855.920371268932,2663.4436508034814,10519.364022072414,WAIT,True
2021-04-30,10501.07058970735,0.0,10501.07058970735,WAIT,False
2021-05-03,10501.07058970735,0.0,10501.07058970735,WAIT,False
2021-05-04,10501.07058970735,0.0,10501.07058970735,WAIT,False
2021-05-05,10501.07058970735,0.0,10501.07058970735,WAIT,False
2021-05-06,7875.802942280512,2644.92940255971,10520.732344840222,BUY,True
2021-05-07,7875.802942280512,2664.1793278894793,10539.982270169992,BUY,True
2021-05-10,7875.802942280512,2637.798008708957,10513.600950989468,BUY,True
2021-05-11,7875.802942280512,2614.2560560990128,10490.058998379525,WAIT,True
2021-05-12,7875.802942280512,2558.7158709157766,10434.51881319629,BUY,True
2021-05-13,7848.358982050634,2635.9584949317273,10484.317476982362,BUY,True
2021-05-14,7848.358982050634,2676.433651191347,10524.792633241981,BUY,True
2021-05-17,7848.358982050634,2669.6237392994212,10517.982721350056,BUY,True
2021-05-18,7848.358982050634,2646.6231334987865,10494.982115549421,BUY,True
2021-05-19,7848.358982050634,2639.6842045469725,10488.043186597606,BUY,True
2021-05-20,7886.73050241915,2650.3312281530307,10537.06173057218,BUY,True
2021-05-21,7886.73050241915,2648.161311017479,10534.891813436629,BUY,True
2021-05-24,7886.73050241915,2675.157430108455,10561.887932527605,BUY,True
2021-05-25,7886.73050241915,2669.2219885940212,10555.952491013171,BUY,True
2021-05-26,7886.73050241915,2674.5189363294808,10561.249438748631,WAIT,True
2021-05-27,10561.850607273842,0.0,10561.850607273842,WAIT,False
2021-05-28,10561.850607273842,0.0,10561.850607273842,WAIT,False
2021-06-01,10561.850607273842,0.0,10561.850607273842,WAIT,False
2021-06-02,10561.850607273842,0.0,10561.850607273842,WAIT,False
2021-06-03,10561.850607273842,0.0,10561.850607273842,WAIT,False
2021-06-04,10561.850607273842,0.0,10561.850607273842,WAIT,False
2021-06-07,10561.850607273842,0.0,10561.850607273842,WAIT,False
2021-06-08,10561.850607273842,0.0,10561.850607273842,WAIT,False
2021-06-09,10561.850607273842,0.0,10561.850607273842,WAIT,False
2021-06-10,10561.850607273842,0.0,10561.850607273842,WAIT,False
2021-06-11,10561.850607273842,0.0,10561.850607273842,WAIT,False
2021-06-14,10561.850607273842,0.0,10561.850607273842,WAIT,False
2021-06-15,10561.850607273842,0.0,10561.850607273842,WAIT,False
2021-06-16,10561.850607273842,0.0,10561.850607273842,WAIT,False
2021-06-17,10561.850607273842,0.0,10561.850607273842,WAIT,False
2021-06-18,10561.850607273842,0.0,10561.850607273842,WAIT,False
2021-06-21,10561.850607273842,0.0,10561.850607273842,WAIT,False
2021-06-22,10561.850607273842,0.0,10561.850607273842,WAIT,False
2021-06-23,10561.850607273842,0.0,10561.850607273842,WAIT,False
2021-06-24,10561.850607273842,0.0,10561.850607273842,WAIT,False
2021-06-25,10561.850607273842,0.0,10561.850607273842,WAIT,False
2021-06-28,10561.850607273842,0.0,10561.850607273842,WAIT,False
2021-06-29,10561.850607273842,0.0,10561.850607273842,WAIT,False
2021-06-30,10561.850607273842,0.0,10561.850607273842,WAIT,False
2021-07-01,10561.850607273842,0.0,10561.850607273842,WAIT,False
2021-07-02,10561.850607273842,0.0,10561.850607273842,WAIT,False
2021-07-06,10561.850607273842,0.0,10561.850607273842,WAIT,False
2021-07-07,10561.850607273842,0.0,10561.850607273842,WAIT,False
2021-07-08,10561.850607273842,0.0,10561.850607273842,WAIT,False
2021-07-09,10561.850607273842,0.0,10561.850607273842,WAIT,False
2021-07-12,10561.850607273842,0.0,10561.850607273842,WAIT,False
2021-07-13,10561.850607273842,0.0,10561.850607273842,WAIT,False
2021-07-14,10561.850607273842,0.0,10561.850607273842,WAIT,False
2021-07-15,10561.850607273842,0.0,10561.850607273842,WAIT,False
2021-07-16,10561.850607273842,0.0,10561.850607273842,WAIT,False
2021-07-19,10561.850607273842,0.0,10561.850607273842,WAIT,False
2021-07-20,10561.850607273842,0.0,10561.850607273842,WAIT,False
2021-07-21,10561.850607273842,0.0,10561.850607273842,WAIT,False
2021-07-22,10561.850607273842,0.0,10561.850607273842,WAIT,False
2021-07-23,10561.850607273842,0.0,10561.850607273842,WAIT,False
2021-07-26,10561.850607273842,0.0,10561.850607273842,WAIT,False
2021-07-27,10561.850607273842,0.0,10561.850607273842,WAIT,False
2021-07-28,10561.850607273842,0.0,10561.850607273842,WAIT,False
2021-07-29,10561.850607273842,0.0,10561.850607273842,WAIT,False
2021-07-30,10561.850607273842,0.0,10561.850607273842,WAIT,False
2021-08-02,10561.850607273842,0.0,10561.850607273842,WAIT,False
2021-08-03,10561.850607273842,0.0,10561.850607273842,WAIT,False
2021-08-04,10561.850607273842,0.0,10561.850607273842,WAIT,False
2021-08-05,10561.850607273842,0.0,10561.850607273842,WAIT,False
2021-08-06,10561.850607273842,0.0,10561.850607273842,WAIT,False
2021-08-09,10561.850607273842,0.0,10561.850607273842,WAIT,False
2021-08-10,10561.850607273842,0.0,10561.850607273842,WAIT,False
2021-08-11,10561.850607273842,0.0,10561.850607273842,WAIT,False
2021-08-12,10561.850607273842,0.0,10561.850607273842,WAIT,False
2021-08-13,10561.850607273842,0.0,10561.850607273842,WAIT,False
2021-08-16,10561.850607273842,0.0,10561.850607273842,WAIT,False
2021-08-17,10561.850607273842,0.0,10561.850607273842,WAIT,False
2021-08-18,10561.850607273842,0.0,10561.850607273842,WAIT,False
2021-08-19,10561.850607273842,0.0,10561.850607273842,WAIT,False
2021-08-20,10561.850607273842,0.0,10561.850607273842,WAIT,False
2021-08-23,10561.850607273842,0.0,10561.850607273842,WAIT,False
2021-08-24,10561.850607273842,0.0,10561.850607273842,WAIT,False
2021-08-25,10561.850607273842,0.0,10561.850607273842,WAIT,False
2021-08-26,10561.850607273842,0.0,10561.850607273842,WAIT,False
2021-08-27,10561.850607273842,0.0,10561.850607273842,WAIT,False
2021-08-30,10561.850607273842,0.0,10561.850607273842,WAIT,False
2021-08-31,10561.850607273842,0.0,10561.850607273842,WAIT,False
2021-09-01,10561.850607273842,0.0,10561.850607273842,WAIT,False
2021-09-02,10561.850607273842,0.0,10561.850607273842,WAIT,False
2021-09-03,10561.850607273842,0.0,10561.850607273842,WAIT,False
2021-09-07,10561.850607273842,0.0,10561.850607273842,WAIT,False
2021-09-08,10561.850607273842,0.0,10561.850607273842,WAIT,False
2021-09-09,10561.850607273842,0.0,10561.850607273842,WAIT,False
2021-09-10,10561.850607273842,0.0,10561.850607273842,WAIT,False
2021-09-13,10561.850607273842,0.0,10561.850607273842,WAIT,False
2021-09-14,10561.850607273842,0.0,10561.850607273842,WAIT,False
2021-09-15,10561.850607273842,0.0,10561.850607273842,WAIT,False
2021-09-16,10561.850607273842,0.0,10561.850607273842,WAIT,False
2021-09-17,10561.850607273842,0.0,10561.850607273842,WAIT,False
2021-09-20,10561.850607273842,0.0,10561.850607273842,WAIT,False
2021-09-21,10561.850607273842,0.0,10561.850607273842,WAIT,False
2021-09-22,7921.387955455381,2650.6276927756608,10572.015648231041,BUY,True
2021-09-23,7921.387955455381,2682.8323952717697,10604.220350727152,WAIT,True
2021-09-24,7921.387955455381,2687.2514045564603,10608.639360011843,WAIT,True
2021-09-27,7921.387955455381,2679.564046510647,10600.952001966029,WAIT,True
2021-09-28,7921.387955455381,2625.5655578548744,10546.953513310256,WAIT,True
2021-09-29,10550.584170739916,0.0,10550.584170739916,WAIT,False
2021-09-30,10550.584170739916,0.0,10550.584170739916,WAIT,False
2021-10-01,10550.584170739916,0.0,10550.584170739916,WAIT,False
2021-10-04,7912.938128054937,2610.30378131053,10523.241909365468,BUY,True
2021-10-05,7912.938128054937,2637.464103491972,10550.402231546908,WAIT,True
2021-10-06,7912.938128054937,2648.425353855236,10561.363481910174,BUY,True
2021-10-07,7912.938128054937,2671.3228354239923,10584.26096347893,BUY,True
2021-10-08,7912.938128054937,2666.451102526834,10579.389230581772,BUY,True
2021-10-11,10559.290954828894,0.0,10559.290954828894,WAIT,False
2021-10-12,10559.290954828894,0.0,10559.290954828894,WAIT,False
2021-10-13,10559.290954828894,0.0,10559.290954828894,WAIT,False
2021-10-14,10559.290954828894,0.0,10559.290954828894,WAIT,False
2021-10-15,10559.290954828894,0.0,10559.290954828894,WAIT,False
2021-10-18,10559.290954828894,0.0,10559.290954828894,WAIT,False
2021-10-19,10559.290954828894,0.0,10559.290954828894,WAIT,False
2021-10-20,10559.290954828894,0.0,10559.290954828894,WAIT,False
2021-10-21,10559.290954828894,0.0,10559.290954828894,WAIT,False
2021-10-22,10559.290954828894,0.0,10559.290954828894,WAIT,False
2021-10-25,10559.290954828894,0.0,10559.290954828894,WAIT,False
2021-10-26,10559.290954828894,0.0,10559.290954828894,WAIT,False
2021-10-27,10559.290954828894,0.0,10559.290954828894,WAIT,False
2021-10-28,10559.290954828894,0.0,10559.290954828894,WAIT,False
2021-10-29,10559.290954828894,0.0,10559.290954828894,WAIT,False
2021-11-01,10559.290954828894,0.0,10559.290954828894,WAIT,False
2021-11-02,10559.290954828894,0.0,10559.290954828894,WAIT,False
2021-11-03,10559.290954828894,0.0,10559.290954828894,WAIT,False
2021-11-04,10559.290954828894,0.0,10559.290954828894,WAIT,False
2021-11-05,10559.290954828894,0.0,10559.290954828894,WAIT,False
2021-11-08,10559.290954828894,0.0,10559.290954828894,WAIT,False
2021-11-09,10559.290954828894,0.0,10559.290954828894,WAIT,False
2021-11-10,10559.290954828894,0.0,10559.290954828894,WAIT,False
2021-11-11,10559.290954828894,0.0,10559.290954828894,WAIT,False
2021-11-12,10559.290954828894,0.0,10559.290954828894,SELL,False
2021-11-15,10559.290954828894,0.0,10559.290954828894,WAIT,False
2021-11-16,10559.290954828894,0.0,10559.290954828894,WAIT,False
2021-11-17,10559.290954828894,0.0,10559.290954828894,WAIT,False
2021-11-18,10559.290954828894,0.0,10559.290954828894,WAIT,False
2021-11-19,10559.290954828894,0.0,10559.290954828894,WAIT,False
2021-11-22,10559.290954828894,0.0,10559.290954828894,SELL,False
2021-11-23,10559.290954828894,0.0,10559.290954828894,SELL,False
2021-11-24,10559.290954828894,0.0,10559.290954828894,SELL,False
2021-11-26,10559.290954828894,0.0,10559.290954828894,SELL,False
2021-11-29,10559.290954828894,0.0,10559.290954828894,WAIT,False
2021-11-30,7919.46821612167,2602.244470286282,10521.712686407951,BUY,True
2021-12-01,7919.46821612167,2573.3405998247326,10492.808815946402,WAIT,True
2021-12-02,7919.46821612167,2612.75446158459,10532.22267770626,WAIT,True
2021-12-03,10541.546420261539,0.0,10541.546420261539,SELL,False
2021-12-06,10541.546420261539,0.0,10541.546420261539,WAIT,False
2021-12-07,10541.546420261539,0.0,10541.546420261539,WAIT,False
2021-12-08,10541.546420261539,0.0,10541.546420261539,WAIT,False
2021-12-09,10541.546420261539,0.0,10541.546420261539,WAIT,False
2021-12-10,10541.546420261539,0.0,10541.546420261539,WAIT,False
2021-12-13,10541.546420261539,0.0,10541.546420261539,WAIT,False
2021-12-14,10541.546420261539,0.0,10541.546420261539,WAIT,False
2021-12-15,10541.546420261539,0.0,10541.546420261539,WAIT,False
2021-12-16,7906.159815196153,2600.476962678958,10506.636777875112,BUY,True
2021-12-17,7906.159815196153,2572.8005465933447,10478.960361789497,BUY,True
2021-12-20,7846.096834103231,2617.4576381636693,10463.5544722669,BUY,True
2021-12-21,7846.096834103231,2663.940587491543,10510.037421594774,BUY,True
2021-12-22,7846.096834103231,2690.5766683577995,10536.673502461032,BUY,True
2021-12-23,7846.096834103231,2707.3173965759147,10553.414230679145,BUY,True
2021-12-27,7846.096834103231,2745.6318706481857,10591.728704751416,BUY,True
2021-12-28,10588.661828859233,0.0,10588.661828859233,WAIT,False
2021-12-29,10588.661828859233,0.0,10588.661828859233,WAIT,False
2021-12-30,10588.661828859233,0.0,10588.661828859233,WAIT,False
2021-12-31,10588.661828859233,0.0,10588.661828859233,WAIT,False
2022-01-03,10588.661828859233,0.0,10588.661828859233,WAIT,False
2022-01-04,10588.661828859233,0.0,10588.661828859233,WAIT,False
2022-01-05,10588.661828859233,0.0,10588.661828859233,WAIT,False
2022-01-06,10588.661828859233,0.0,10588.661828859233,WAIT,False
2022-01-07,7941.496371644424,2635.8526492794904,10577.349020923913,BUY,True
2022-01-10,7941.496371644424,2632.5730808017074,10574.06945244613,BUY,True
2022-01-11,7941.496371644424,2656.5511651638512,10598.047536808275,BUY,True
2022-01-12,7941.496371644424,2663.733200024929,10605.229571669352,BUY,True
2022-01-13,7941.496371644424,2627.0308301795208,10568.527201823945,BUY,True
2022-01-14,7926.609564929727,2661.628359095934,10588.23792402566,BUY,True
2022-01-18,7926.609564929727,2614.491942969519,10541.101507899246,WAIT,True
2022-01-19,7926.609564929727,2587.3448684991226,10513.95443342885,WAIT,True
2022-01-20,10488.521636514124,0.0,10488.521636514124,WAIT,False
2022-01-21,10488.521636514124,0.0,10488.521636514124,WAIT,False
2022-01-24,10488.521636514124,0.0,10488.521636514124,WAIT,False
2022-01-25,10488.521636514124,0.0,10488.521636514124,WAIT,False
2022-01-26,7866.391227385593,2577.686631483778,10444.077858869372,BUY,True
2022-01-27,7866.391227385593,2564.957725854145,10431.348953239738,BUY,True
2022-01-28,7866.391227385593,2628.6595488354033,10495.050776220996,WAIT,True
2022-01-31,7866.391227385593,2676.0045650720313,10542.395792457624,WAIT,True
2022-02-01,7866.391227385593,2694.086197078237,10560.47742446383,BUY,True
2022-02-02,10585.832022538383,0.0,10585.832022538383,WAIT,False
2022-02-03,7939.374016903787,2620.143341284715,10559.517358188503,BUY,True
2022-02-04,7939.374016903787,2632.464092000339,10571.838108904127,WAIT,True
2022-02-07,7939.374016903787,2624.0156370277064,10563.389653931494,BUY,True
2022-02-08,7939.374016903787,2645.60535078691,10584.979367690697,BUY,True
2022-02-09,7939.374016903787,2684.326976223201,10623.70099312699,BUY,True
2022-02-10,7931.013183574558,2631.0498450268196,10562.063028601377,BUY,True
2022-02-11,7931.013183574558,2579.169346943961,10510.18253051852,WAIT,True
2022-02-14,7870.761391803644,2617.4342984133436,10488.195690216988,BUY,True
2022-02-15,7870.761391803644,2659.6450516698656,10530.40644347351,BUY,True
2022-02-16,7870.761391803644,2662.6262380868147,10533.387629890458,BUY,True
2022-02-17,7870.761391803644,2605.7487515259695,10476.510143329613,BUY,True
2022-02-18,7870.761391803644,2588.876245797819,10459.637637601463,BUY,True
2022-02-22,7810.96733201824,2588.892856893411,10399.86018891165,BUY,True
2022-02-23,7810.96733201824,2542.9691785199107,10353.936510538151,BUY,True
2022-02-24,7751.627526835108,2691.698935651138,10443.326462486246,BUY,True
2022-02-25,7867.0803904583445,2671.2457461379363,10538.32613659628,BUY,True
2022-02-28,7867.0803904583445,2664.411831623849,10531.492222082194,BUY,True
2022-03-01,7867.0803904583445,2623.8318893005467,10490.912279758892,BUY,True
2022-03-02,7867.0803904583445,2672.1003565486585,10539.180747007003,BUY,True
2022-03-03,7867.0803904583445,2658.797488520339,10525.877878978683,BUY,True
2022-03-04,7877.613602052203,2627.637347173349,10505.250949225552,BUY,True
2022-03-07,7877.613602052203,2550.1770762826154,10427.790678334819,BUY,True
2022-03-08,7817.767486125229,2584.218847195846,10401.986333321074,BUY,True
2022-03-09,7817.767486125229,2653.5031243840763,10471.270610509306,BUY,True
2022-03-10,7817.767486125229,2641.5214117986798,10459.288897923909,BUY,True
2022-03-11,7817.767486125229,2607.9343984725715,10425.7018845978,BUY,True
2022-03-14,7817.767486125229,2588.8746881208185,10406.642174246048,BUY,True
2022-03-15,7847.084052032155,2654.7783943512227,10501.862446383378,BUY,True
2022-03-16,7847.084052032155,2713.6457608282044,10560.72981286036,BUY,True
2022-03-17,7847.084052032155,2747.5968160326606,10594.680868064816,BUY,True
2022-03-18,10618.611528879044,0.0,10618.611528879044,SELL,False
2022-03-21,10618.611528879044,0.0,10618.611528879044,WAIT,False
2022-03-22,10618.611528879044,0.0,10618.611528879044,WAIT,False
2022-03-23,10618.611528879044,0.0,10618.611528879044,WAIT,False
2022-03-24,10618.611528879044,0.0,10618.611528879044,WAIT,False
2022-03-25,10618.611528879044,0.0,10618.611528879044,WAIT,False
2022-03-28,10618.611528879044,0.0,10618.611528879044,WAIT,False
2022-03-29,10618.611528879044,0.0,10618.611528879044,WAIT,False
2022-03-30,10618.611528879044,0.0,10618.611528879044,WAIT,False
2022-03-31,10618.611528879044,0.0,10618.611528879044,WAIT,False
2022-04-01,10618.611528879044,0.0,10618.611528879044,WAIT,False
2022-04-04,7963.958646659283,2675.3507434401927,10639.309390099475,BUY,True
2022-04-05,7963.958646659283,2641.557177781901,10605.515824441183,WAIT,True
2022-04-06,7963.958646659283,2615.143450442901,10579.102097102184,BUY,True
2022-04-07,7963.958646659283,2628.3209621599367,10592.279608819219,BUY,True
2022-04-08,7963.958646659283,2621.2931579027822,10585.251804562065,BUY,True
2022-04-11,7903.456568684624,2608.847666255359,10512.304234939982,BUY,True
2022-04-12,7903.456568684624,2599.1815710594183,10502.638139744042,BUY,True
2022-04-13,7903.456568684624,2628.951441560622,10532.408010245246,BUY,True
2022-04-14,7903.456568684624,2596.216222976555,10499.672791661178,BUY,True
2022-04-18,7903.456568684624,2597.2838633338383,10500.740432018461,BUY,True
2022-04-19,10541.875848036527,0.0,10541.875848036527,WAIT,False
2022-04-20,10541.875848036527,0.0,10541.875848036527,WAIT,False
2022-04-21,10541.875848036527,0.0,10541.875848036527,WAIT,False
2022-04-22,10541.875848036527,0.0,10541.875848036527,WAIT,False
2022-04-25,7906.406886027395,2664.777011476442,10571.183897503837,BUY,True
2022-04-26,7906.406886027395,2587.6025483342487,10494.009434361644,BUY,True
2022-04-27,7906.406886027395,2594.878119895458,10501.285005922853,BUY,True
2022-04-28,7906.406886027395,2660.423612187482,10566.830498214877,BUY,True
2022-04-29,7906.406886027395,2562.106077499735,10468.51296352713,BUY,True
2022-05-02,10461.78937058795,0.0,10461.78937058795,WAIT,False
2022-05-03,7846.342027940963,2623.294190274596,10469.636218215559,BUY,True
2022-05-04,7846.342027940963,2703.1808752105835,10549.522903151546,BUY,True
2022-05-05,7846.342027940963,2607.1018600134757,10453.44388795444,BUY,True
2022-05-06,7846.342027940963,2591.540820406029,10437.882848346992,WAIT,True
2022-05-09,7786.733481707556,2550.4104436125667,10337.143925320122,BUY,True
2022-05-10,7786.733481707556,2556.3028089609907,10343.036290668548,BUY,True
2022-05-11,7727.577780732667,2540.671932164649,10268.249712897315,BUY,True
2022-05-12,7668.871484757455,2575.0165798029443,10243.888064560399,BUY,True
2022-05-13,7668.871484757455,2636.580090674161,10305.451575431616,BUY,True
2022-05-16,7668.871484757455,2625.881466380983,10294.752951138438,BUY,True
2022-05-17,7668.871484757455,2679.8972638685746,10348.76874862603,BUY,True
2022-05-18,7668.871484757455,2571.866305526792,10240.737790284247,BUY,True
2022-05-19,7668.164249327337,2560.8113294755585,10228.975578802896,BUY,True
2022-05-20,7668.164249327337,2561.929185984108,10230.093435311444,BUY,True
2022-05-23,7668.164249327337,2609.863502369913,10278.02775169725,BUY,True
2022-05-24,7668.164249327337,2589.9400168268025,10258.10426615414,BUY,True
2022-05-25,7668.164249327337,2612.822059078352,10280.986308405689,BUY,True
2022-05-26,7749.295838262928,2625.333342715142,10374.62918097807,BUY,True
2022-05-27,7749.295838262928,2689.783618365173,10439.0794566281,BUY,True
2022-05-31,7749.295838262928,2674.6909423145325,10423.98678057746,BUY,True
2022-06-01,7749.295838262928,2653.057422489781,10402.353260752709,BUY,True
2022-06-02,7749.295838262928,2703.580314739396,10452.876153002324,BUY,True
2022-06-03,7805.781391650768,2589.4151755955936,10395.196567246361,BUY,True
2022-06-06,7805.781391650768,2597.2991914890827,10403.08058313985,BUY,True
2022-06-07,7805.781391650768,2622.213407729648,10427.994799380416,BUY,True
2022-06-08,7805.781391650768,2593.704386963499,10399.485778614267,BUY,True
2022-06-09,7805.781391650768,2532.01801443925,10337.799406090016,WAIT,True
2022-06-10,7746.48098398116,2548.177077875809,10294.658061856968,BUY,True
2022-06-13,7687.631080645883,2529.06581737891,10216.696898024793,BUY,True
2022-06-14,7687.631080645883,2521.4449939264396,10209.076074572324,BUY,True
2022-06-15,7687.631080645883,2557.3913897723396,10245.022470418222,BUY,True
2022-06-16,7629.228259170064,2515.8272289288825,10145.055488098948,BUY,True
2022-06-17,7629.228259170064,2521.2508296096416,10150.479088779706,WAIT,True
2022-06-21,7629.228259170064,2584.7197811088204,10213.948040278885,WAIT,True
2022-06-22,7629.228259170064,2580.0340883010954,10209.26234747116,WAIT,True
2022-06-23,7629.228259170064,2605.325070858699,10234.553330028763,WAIT,True
2022-06-24,10316.580090188794,0.0,10316.580090188794,WAIT,False
2022-06-27,10316.580090188794,0.0,10316.580090188794,WAIT,False
2022-06-28,10316.580090188794,0.0,10316.580090188794,WAIT,False
2022-06-29,10316.580090188794,0.0,10316.580090188794,WAIT,False
2022-06-30,10316.580090188794,0.0,10316.580090188794,WAIT,False
2022-07-01,10316.580090188794,0.0,10316.580090188794,WAIT,False
2022-07-05,10316.580090188794,0.0,10316.580090188794,WAIT,False
2022-07-06,10316.580090188794,0.0,10316.580090188794,WAIT,False
2022-07-07,10316.580090188794,0.0,10316.580090188794,WAIT,False
2022-07-08,10316.580090188794,0.0,10316.580090188794,WAIT,False
2022-07-11,10316.580090188794,0.0,10316.580090188794,SELL,False
2022-07-12,10316.580090188794,0.0,10316.580090188794,SELL,False
2022-07-13,10316.580090188794,0.0,10316.580090188794,SELL,False
2022-07-14,10316.580090188794,0.0,10316.580090188794,SELL,False
2022-07-15,10316.580090188794,0.0,10316.580090188794,SELL,False
2022-07-18,10316.580090188794,0.0,10316.580090188794,SELL,False
2022-07-19,10316.580090188794,0.0,10316.580090188794,SELL,False
2022-07-20,10316.580090188794,0.0,10316.580090188794,SELL,False
2022-07-21,10316.580090188794,0.0,10316.580090188794,SELL,False
2022-07-22,10316.580090188794,0.0,10316.580090188794,WAIT,False
2022-07-25,10316.580090188794,0.0,10316.580090188794,WAIT,False
2022-07-26,10316.580090188794,0.0,10316.580090188794,SELL,False
2022-07-27,10316.580090188794,0.0,10316.580090188794,SELL,False
2022-07-28,10316.580090188794,0.0,10316.580090188794,SELL,False
2022-07-29,10316.580090188794,0.0,10316.580090188794,WAIT,False
2022-08-01,10316.580090188794,0.0,10316.580090188794,SELL,False
2022-08-02,10316.580090188794,0.0,10316.580090188794,WAIT,False
2022-08-03,10316.580090188794,0.0,10316.580090188794,WAIT,False
2022-08-04,10316.580090188794,0.0,10316.580090188794,WAIT,False
2022-08-05,10316.580090188794,0.0,10316.580090188794,WAIT,False
2022-08-08,10316.580090188794,0.0,10316.580090188794,WAIT,False
2022-08-09,10316.580090188794,0.0,10316.580090188794,WAIT,False
2022-08-10,10316.580090188794,0.0,10316.580090188794,WAIT,False
2022-08-11,10316.580090188794,0.0,10316.580090188794,WAIT,False
2022-08-12,10316.580090188794,0.0,10316.580090188794,WAIT,False
2022-08-15,10316.580090188794,0.0,10316.580090188794,WAIT,False
2022-08-16,10316.580090188794,0.0,10316.580090188794,WAIT,False
2022-08-17,10316.580090188794,0.0,10316.580090188794,WAIT,False
2022-08-18,7737.435067641596,2584.59316743839,10322.028235079986,BUY,True
2022-08-19,7737.435067641596,2549.860964564844,10287.29603220644,BUY,True
2022-08-22,7678.653886001147,2536.082607329815,10214.736493330962,BUY,True
2022-08-23,7678.653886001147,2529.947056932406,10208.600942933554,BUY,True
2022-08-24,7678.653886001147,2538.045620009277,10216.699506010424,BUY,True
2022-08-25,7678.653886001147,2573.8768234762138,10252.53070947736,BUY,True
2022-08-26,7678.653886001147,2486.7530744730216,10165.406960474169,BUY,True
2022-08-29,7620.319264142439,2542.0593845585413,10162.37864870098,BUY,True
2022-08-30,7620.319264142439,2514.152803447626,10134.472067590064,BUY,True
2022-08-31,7620.319264142439,2495.0227102800663,10115.341974422507,BUY,True
2022-09-01,7562.427809557308,2542.695124639795,10105.122934197103,BUY,True
2022-09-02,7562.427809557308,2515.883944001887,10078.311753559195,BUY,True
2022-09-06,7562.427809557308,2506.3911956025504,10068.819005159858,BUY,True
2022-09-07,7562.427809557308,2551.418252128008,10113.846061685315,BUY,True
2022-09-08,7562.427809557308,2568.0950926920805,10130.522902249388,BUY,True
2022-09-09,7627.227708811594,2566.0068165743337,10193.234525385928,BUY,True
2022-09-12,7627.227708811594,2593.5855139456767,10220.813222757271,BUY,True
2022-09-13,7627.227708811594,2480.8096722847386,10108.037381096332,BUY,True
2022-09-14,7627.227708811594,2490.275773325915,10117.503482137508,BUY,True
2022-09-15,7569.283770872819,2504.108424862721,10073.392195735541,BUY,True
2022-09-16,7569.283770872819,2485.0049480972443,10054.288718970063,BUY,True
2022-09-19,7569.283770872819,2504.276223996614,10073.559994869433,BUY,True
2022-09-20,7569.283770872819,2475.530909806062,10044.81468067888,BUY,True
2022-09-21,7511.780032187566,2446.643548096955,9958.423580284521,BUY,True
2022-09-22,7454.713148568507,2468.591133719569,9923.304282288076,BUY,True
2022-09-23,7398.079801234062,2447.7910349716676,9845.87083620573,BUY,True
2022-09-26,7398.079801234062,2423.575477249823,9821.655278483886,BUY,True
2022-09-27,7398.079801234062,2417.3883841216843,9815.468185355747,BUY,True
2022-09-28,7398.079801234062,2464.954368744271,9863.034169978333,BUY,True
2022-09-29,7398.079801234062,2413.4635142402462,9811.543315474308,BUY,True
2022-09-30,7341.876696615384,2415.31695712399,9757.193653739374,BUY,True
2022-10-03,7341.876696615384,2479.084706555082,9820.961403170466,BUY,True
2022-10-04,7341.876696615384,2555.90243265596,9897.779129271345,BUY,True
2022-10-05,7341.876696615384,2549.9522156809544,9891.82891229634,BUY,True
2022-10-06,7341.876696615384,2523.6475908348816,9865.524287450266,WAIT,True
2022-10-07,7345.795127991663,2406.863937108414,9752.659065100077,BUY,True
2022-10-10,7289.989229274943,2402.969854708227,9692.959083983169,BUY,True
2022-10-11,7289.989229274943,2387.752518968737,9677.74174824368,BUY,True
2022-10-12,7289.989229274943,2379.8763471659,9669.865576440843,BUY,True
2022-10-13,7234.6072871588785,2526.51717973325,9761.124466892128,BUY,True
2022-10-14,9715.43979163267,0.0,9715.43979163267,BUY,False
2022-10-17,7286.579843724503,2446.875569385979,9733.455413110481,BUY,True
2022-10-18,7286.579843724503,2475.6253180073672,9762.20516173187,BUY,True
2022-10-19,9747.192305304394,0.0,9747.192305304394,SELL,False
2022-10-20,9747.192305304394,0.0,9747.192305304394,SELL,False
2022-10-21,9747.192305304394,0.0,9747.192305304394,SELL,False
2022-10-24,7310.394228978295,2455.379858526192,9765.774087504487,BUY,True
2022-10-25,9764.51886625437,0.0,9764.51886625437,SELL,False
2022-10-26,7323.389149690777,2442.955444138286,9766.344593829064,BUY,True
2022-10-27,7323.389149690777,2429.9100981896377,9753.299247880415,BUY,True
2022-10-28,9751.866599867953,0.0,9751.866599867953,SELL,False
2022-10-31,9751.866599867953,0.0,9751.866599867953,SELL,False
2022-11-01,7313.899949900965,2402.126687363482,9716.026637264447,BUY,True
2022-11-02,7258.336358388171,2361.827271984136,9620.163630372306,BUY,True
2022-11-03,9604.259843562308,0.0,9604.259843562308,SELL,False
2022-11-04,9604.259843562308,0.0,9604.259843562308,SELL,False
2022-11-07,9604.259843562308,0.0,9604.259843562308,SELL,False
2022-11-08,9604.259843562308,0.0,9604.259843562308,SELL,False
2022-11-09,9604.259843562308,0.0,9604.259843562308,SELL,False
2022-11-10,9604.259843562308,0.0,9604.259843562308,SELL,False
2022-11-11,9604.259843562308,0.0,9604.259843562308,SELL,False
2022-11-14,7203.194882671731,2391.025615463211,9594.220498134942,BUY,True
2022-11-15,7203.194882671731,2411.419005274198,9614.613887945929,BUY,True
2022-11-16,7203.194882671731,2393.0226961927888,9596.21757886452,WAIT,True
2022-11-17,7203.194882671731,2385.7008429437765,9588.895725615508,WAIT,True
2022-11-18,7203.194882671731,2396.5323817380468,9599.727264409777,WAIT,True
2022-11-21,9590.297384910908,0.0,9590.297384910908,WAIT,False
2022-11-22,9590.297384910908,0.0,9590.297384910908,WAIT,False
2022-11-23,9590.297384910908,0.0,9590.297384910908,WAIT,False
2022-11-25,9590.297384910908,0.0,9590.297384910908,WAIT,False
2022-11-28,9590.297384910908,0.0,9590.297384910908,WAIT,False
2022-11-29,9590.297384910908,0.0,9590.297384910908,WAIT,False
2022-11-30,9590.297384910908,0.0,9590.297384910908,SELL,False
2022-12-01,9590.297384910908,0.0,9590.297384910908,SELL,False
2022-12-02,9590.297384910908,0.0,9590.297384910908,WAIT,False
2022-12-05,9590.297384910908,0.0,9590.297384910908,WAIT,False
2022-12-06,9590.297384910908,0.0,9590.297384910908,WAIT,False
2022-12-07,9590.297384910908,0.0,9590.297384910908,WAIT,False
2022-12-08,9590.297384910908,0.0,9590.297384910908,SELL,False
2022-12-09,9590.297384910908,0.0,9590.297384910908,SELL,False
2022-12-12,9590.297384910908,0.0,9590.297384910908,SELL,False
2022-12-13,9590.297384910908,0.0,9590.297384910908,SELL,False
2022-12-14,9590.297384910908,0.0,9590.297384910908,SELL,False
2022-12-15,9590.297384910908,0.0,9590.297384910908,WAIT,False
2022-12-16,9590.297384910908,0.0,9590.297384910908,WAIT,False
2022-12-19,9590.297384910908,0.0,9590.297384910908,SELL,False
2022-12-20,9590.297384910908,0.0,9590.297384910908,SELL,False
2022-12-21,9590.297384910908,0.0,9590.297384910908,SELL,False
2022-12-22,9590.297384910908,0.0,9590.297384910908,SELL,False
2022-12-23,9590.297384910908,0.0,9590.297384910908,SELL,False
2022-12-27,9590.297384910908,0.0,9590.297384910908,SELL,False
2022-12-28,9590.297384910908,0.0,9590.297384910908,SELL,False
2022-12-29,9590.297384910908,0.0,9590.297384910908,SELL,False
2022-12-30,9590.297384910908,0.0,9590.297384910908,SELL,False
2023-01-03,9590.297384910908,0.0,9590.297384910908,SELL,False
2023-01-04,9590.297384910908,0.0,9590.297384910908,SELL,False
2023-01-05,9590.297384910908,0.0,9590.297384910908,SELL,False
2023-01-06,9590.297384910908,0.0,9590.297384910908,SELL,False
2023-01-09,9590.297384910908,0.0,9590.297384910908,SELL,False
2023-01-10,9590.297384910908,0.0,9590.297384910908,SELL,False
2023-01-11,9590.297384910908,0.0,9590.297384910908,SELL,False
2023-01-12,9590.297384910908,0.0,9590.297384910908,SELL,False
2023-01-13,9590.297384910908,0.0,9590.297384910908,SELL,False
2023-01-17,9590.297384910908,0.0,9590.297384910908,WAIT,False
2023-01-18,9590.297384910908,0.0,9590.297384910908,WAIT,False
2023-01-19,9590.297384910908,0.0,9590.297384910908,WAIT,False
2023-01-20,9590.297384910908,0.0,9590.297384910908,WAIT,False
2023-01-23,9590.297384910908,0.0,9590.297384910908,SELL,False
2023-01-24,9590.297384910908,0.0,9590.297384910908,WAIT,False
2023-01-25,9590.297384910908,0.0,9590.297384910908,WAIT,False
2023-01-26,9590.297384910908,0.0,9590.297384910908,WAIT,False
2023-01-27,9590.297384910908,0.0,9590.297384910908,WAIT,False
2023-01-30,9590.297384910908,0.0,9590.297384910908,WAIT,False
2023-01-31,9590.297384910908,0.0,9590.297384910908,WAIT,False
2023-02-01,9590.297384910908,0.0,9590.297384910908,SELL,False
2023-02-02,9590.297384910908,0.0,9590.297384910908,WAIT,False
2023-02-03,9590.297384910908,0.0,9590.297384910908,WAIT,False
2023-02-06,9590.297384910908,0.0,9590.297384910908,WAIT,False
2023-02-07,9590.297384910908,0.0,9590.297384910908,WAIT,False
2023-02-08,9590.297384910908,0.0,9590.297384910908,WAIT,False
2023-02-09,9590.297384910908,0.0,9590.297384910908,WAIT,False
2023-02-10,9590.297384910908,0.0,9590.297384910908,SELL,False
2023-02-13,9590.297384910908,0.0,9590.297384910908,SELL,False
2023-02-14,9590.297384910908,0.0,9590.297384910908,SELL,False
2023-02-15,9590.297384910908,0.0,9590.297384910908,SELL,False
2023-02-16,9590.297384910908,0.0,9590.297384910908,WAIT,False
2023-02-17,9590.297384910908,0.0,9590.297384910908,WAIT,False
2023-02-21,9590.297384910908,0.0,9590.297384910908,SELL,False
2023-02-22,9590.297384910908,0.0,9590.297384910908,SELL,False
2023-02-23,9590.297384910908,0.0,9590.297384910908,SELL,False
2023-02-24,9590.297384910908,0.0,9590.297384910908,SELL,False
2023-02-27,9590.297384910908,0.0,9590.297384910908,SELL,False
2023-02-28,9590.297384910908,0.0,9590.297384910908,SELL,False
2023-03-01,9590.297384910908,0.0,9590.297384910908,SELL,False
2023-03-02,9590.297384910908,0.0,9590.297384910908,SELL,False
2023-03-03,9590.297384910908,0.0,9590.297384910908,SELL,False
2023-03-06,9590.297384910908,0.0,9590.297384910908,SELL,False
2023-03-07,9590.297384910908,0.0,9590.297384910908,WAIT,False
2023-03-08,9590.297384910908,0.0,9590.297384910908,WAIT,False
2023-03-09,9590.297384910908,0.0,9590.297384910908,WAIT,False
2023-03-10,9590.297384910908,0.0,9590.297384910908,WAIT,False
2023-03-13,9590.297384910908,0.0,9590.297384910908,SELL,False
2023-03-14,9590.297384910908,0.0,9590.297384910908,SELL,False
2023-03-15,9590.297384910908,0.0,9590.297384910908,WAIT,False
2023-03-16,9590.297384910908,0.0,9590.297384910908,SELL,False
2023-03-17,9590.297384910908,0.0,9590.297384910908,WAIT,False
2023-03-20,9590.297384910908,0.0,9590.297384910908,WAIT,False
2023-03-21,9590.297384910908,0.0,9590.297384910908,WAIT,False
2023-03-22,9590.297384910908,0.0,9590.297384910908,WAIT,False
2023-03-23,9590.297384910908,0.0,9590.297384910908,WAIT,False
2023-03-24,9590.297384910908,0.0,9590.297384910908,WAIT,False
2023-03-27,9590.297384910908,0.0,9590.297384910908,WAIT,False
2023-03-28,9590.297384910908,0.0,9590.297384910908,WAIT,False
2023-03-29,9590.297384910908,0.0,9590.297384910908,WAIT,False
2023-03-30,9590.297384910908,0.0,9590.297384910908,WAIT,False
2023-03-31,9590.297384910908,0.0,9590.297384910908,WAIT,False
2023-04-03,9590.297384910908,0.0,9590.297384910908,WAIT,False
2023-04-04,9590.297384910908,0.0,9590.297384910908,SELL,False
2023-04-05,9590.297384910908,0.0,9590.297384910908,WAIT,False
2023-04-06,9590.297384910908,0.0,9590.297384910908,WAIT,False
2023-04-10,9590.297384910908,0.0,9590.297384910908,WAIT,False
2023-04-11,9590.297384910908,0.0,9590.297384910908,WAIT,False
2023-04-12,9590.297384910908,0.0,9590.297384910908,WAIT,False
2023-04-13,9590.297384910908,0.0,9590.297384910908,WAIT,False
2023-04-14,9590.297384910908,0.0,9590.297384910908,WAIT,False
2023-04-17,9590.297384910908,0.0,9590.297384910908,WAIT,False
2023-04-18,9590.297384910908,0.0,9590.297384910908,WAIT,False
2023-04-19,9590.297384910908,0.0,9590.297384910908,WAIT,False
2023-04-20,9590.297384910908,0.0,9590.297384910908,WAIT,False
2023-04-21,9590.297384910908,0.0,9590.297384910908,WAIT,False
2023-04-24,9590.297384910908,0.0,9590.297384910908,WAIT,False
2023-04-25,9590.297384910908,0.0,9590.297384910908,WAIT,False
2023-04-26,9590.297384910908,0.0,9590.297384910908,WAIT,False
2023-04-27,9590.297384910908,0.0,9590.297384910908,WAIT,False
2023-04-28,9590.297384910908,0.0,9590.297384910908,WAIT,False
2023-05-01,9590.297384910908,0.0,9590.297384910908,WAIT,False
2023-05-02,9590.297384910908,0.0,9590.297384910908,WAIT,False
2023-05-03,9590.297384910908,0.0,9590.297384910908,WAIT,False
2023-05-04,9590.297384910908,0.0,9590.297384910908,WAIT,False
2023-05-05,9590.297384910908,0.0,9590.297384910908,WAIT,False
2023-05-08,9590.297384910908,0.0,9590.297384910908,WAIT,False
2023-05-09,9590.297384910908,0.0,9590.297384910908,WAIT,False
2023-05-10,9590.297384910908,0.0,9590.297384910908,WAIT,False
2023-05-11,9590.297384910908,0.0,9590.297384910908,WAIT,False
2023-05-12,9590.297384910908,0.0,9590.297384910908,WAIT,False
2023-05-15,9590.297384910908,0.0,9590.297384910908,WAIT,False
2023-05-16,9590.297384910908,0.0,9590.297384910908,WAIT,False
2023-05-17,9590.297384910908,0.0,9590.297384910908,WAIT,False
2023-05-18,9590.297384910908,0.0,9590.297384910908,WAIT,False
2023-05-19,9590.297384910908,0.0,9590.297384910908,WAIT,False
2023-05-22,9590.297384910908,0.0,9590.297384910908,WAIT,False
2023-05-23,9590.297384910908,0.0,9590.297384910908,WAIT,False
2023-05-24,9590.297384910908,0.0,9590.297384910908,WAIT,False
2023-05-25,9590.297384910908,0.0,9590.297384910908,WAIT,False
2023-05-26,9590.297384910908,0.0,9590.297384910908,WAIT,False
2023-05-30,9590.297384910908,0.0,9590.297384910908,WAIT,False
2023-05-31,9590.297384910908,0.0,9590.297384910908,WAIT,False
2023-06-01,9590.297384910908,0.0,9590.297384910908,WAIT,False
2023-06-02,9590.297384910908,0.0,9590.297384910908,WAIT,False
2023-06-05,9590.297384910908,0.0,9590.297384910908,WAIT,False
2023-06-06,9590.297384910908,0.0,9590.297384910908,WAIT,False
2023-06-07,9590.297384910908,0.0,9590.297384910908,WAIT,False
2023-06-08,9590.297384910908,0.0,9590.297384910908,WAIT,False
2023-06-09,9590.297384910908,0.0,9590.297384910908,WAIT,False
2023-06-12,9590.297384910908,0.0,9590.297384910908,WAIT,False
2023-06-13,9590.297384910908,0.0,9590.297384910908,WAIT,False
2023-06-14,9590.297384910908,0.0,9590.297384910908,WAIT,False
2023-06-15,9590.297384910908,0.0,9590.297384910908,WAIT,False
2023-06-16,9590.297384910908,0.0,9590.297384910908,WAIT,False
2023-06-20,9590.297384910908,0.0,9590.297384910908,WAIT,False
2023-06-21,9590.297384910908,0.0,9590.297384910908,WAIT,False
2023-06-22,9590.297384910908,0.0,9590.297384910908,WAIT,False
2023-06-23,9590.297384910908,0.0,9590.297384910908,WAIT,False
2023-06-26,9590.297384910908,0.0,9590.297384910908,WAIT,False
2023-06-27,9590.297384910908,0.0,9590.297384910908,WAIT,False
2023-06-28,9590.297384910908,0.0,9590.297384910908,WAIT,False
2023-06-29,9590.297384910908,0.0,9590.297384910908,WAIT,False
2023-06-30,9590.297384910908,0.0,9590.297384910908,WAIT,False
2023-07-03,9590.297384910908,0.0,9590.297384910908,WAIT,False
2023-07-05,9590.297384910908,0.0,9590.297384910908,WAIT,False
2023-07-06,9590.297384910908,0.0,9590.297384910908,WAIT,False
2023-07-07,9590.297384910908,0.0,9590.297384910908,WAIT,False
2023-07-10,9590.297384910908,0.0,9590.297384910908,WAIT,False
2023-07-11,9590.297384910908,0.0,9590.297384910908,WAIT,False
2023-07-12,9590.297384910908,0.0,9590.297384910908,WAIT,False
2023-07-13,9590.297384910908,0.0,9590.297384910908,WAIT,False
2023-07-14,9590.297384910908,0.0,9590.297384910908,WAIT,False
2023-07-17,9590.297384910908,0.0,9590.297384910908,WAIT,False
2023-07-18,9590.297384910908,0.0,9590.297384910908,WAIT,False
2023-07-19,9590.297384910908,0.0,9590.297384910908,WAIT,False
2023-07-20,9590.297384910908,0.0,9590.297384910908,WAIT,False
2023-07-21,9590.297384910908,0.0,9590.297384910908,WAIT,False
2023-07-24,9590.297384910908,0.0,9590.297384910908,WAIT,False
2023-07-25,9590.297384910908,0.0,9590.297384910908,WAIT,False
2023-07-26,9590.297384910908,0.0,9590.297384910908,WAIT,False
2023-07-27,9590.297384910908,0.0,9590.297384910908,WAIT,False
2023-07-28,9590.297384910908,0.0,9590.297384910908,WAIT,False
2023-07-31,9590.297384910908,0.0,9590.297384910908,WAIT,False
2023-08-01,9590.297384910908,0.0,9590.297384910908,WAIT,False
2023-08-02,9590.297384910908,0.0,9590.297384910908,WAIT,False
2023-08-03,9590.297384910908,0.0,9590.297384910908,WAIT,False
2023-08-04,7192.723038683181,2376.0624818066713,9568.785520489851,BUY,True
2023-08-07,7192.723038683181,2396.8020906211505,9589.525129304331,WAIT,True
2023-08-08,7192.723038683181,2386.379055034186,9579.102093717367,WAIT,True
2023-08-09,7192.723038683181,2370.4255357081406,9563.148574391322,BUY,True
2023-08-10,7192.723038683181,2371.276055412037,9563.999094095218,BUY,True
2023-08-11,9561.905678829899,0.0,9561.905678829899,WAIT,False
2023-08-14,9561.905678829899,0.0,9561.905678829899,WAIT,False
2023-08-15,9561.905678829899,0.0,9561.905678829899,WAIT,False
2023-08-16,9561.905678829899,0.0,9561.905678829899,WAIT,False
2023-08-17,7171.429259122424,2363.3787279504277,9534.80798707285,BUY,True
2023-08-18,7171.429259122424,2364.5165678376334,9535.945826960058,WAIT,True
2023-08-21,7171.429259122424,2379.9006573034108,9551.329916425835,WAIT,True
2023-08-22,7171.429259122424,2373.454556684683,9544.883815807107,WAIT,True
2023-08-23,7171.429259122424,2399.889128867424,9571.318387989848,WAIT,True
2023-08-24,9537.348036358966,0.0,9537.348036358966,WAIT,False
2023-08-25,9537.348036358966,0.0,9537.348036358966,WAIT,False
2023-08-28,9537.348036358966,0.0,9537.348036358966,WAIT,False
2023-08-29,9537.348036358966,0.0,9537.348036358966,WAIT,False
2023-08-30,9537.348036358966,0.0,9537.348036358966,WAIT,False
2023-08-31,9537.348036358966,0.0,9537.348036358966,WAIT,False
2023-09-01,9537.348036358966,0.0,9537.348036358966,WAIT,False
2023-09-05,9537.348036358966,0.0,9537.348036358966,WAIT,False
2023-09-06,9537.348036358966,0.0,9537.348036358966,WAIT,False
2023-09-07,9537.348036358966,0.0,9537.348036358966,WAIT,False
2023-09-08,9537.348036358966,0.0,9537.348036358966,WAIT,False
2023-09-11,9537.348036358966,0.0,9537.348036358966,WAIT,False
2023-09-12,9537.348036358966,0.0,9537.348036358966,WAIT,False
2023-09-13,9537.348036358966,0.0,9537.348036358966,WAIT,False
2023-09-14,9537.348036358966,0.0,9537.348036358966,WAIT,False
2023-09-15,9537.348036358966,0.0,9537.348036358966,WAIT,False
2023-09-18,9537.348036358966,0.0,9537.348036358966,WAIT,False
2023-09-19,9537.348036358966,0.0,9537.348036358966,WAIT,False
2023-09-20,9537.348036358966,0.0,9537.348036358966,WAIT,False
2023-09-21,9537.348036358966,0.0,9537.348036358966,WAIT,False
2023-09-22,9537.348036358966,0.0,9537.348036358966,WAIT,False
2023-09-25,9537.348036358966,0.0,9537.348036358966,WAIT,False
2023-09-26,9537.348036358966,0.0,9537.348036358966,WAIT,False
2023-09-27,9537.348036358966,0.0,9537.348036358966,WAIT,False
2023-09-28,9537.348036358966,0.0,9537.348036358966,WAIT,False
2023-09-29,9537.348036358966,0.0,9537.348036358966,WAIT,False
2023-10-02,9537.348036358966,0.0,9537.348036358966,WAIT,False
2023-10-03,9537.348036358966,0.0,9537.348036358966,WAIT,False
2023-10-04,9537.348036358966,0.0,9537.348036358966,WAIT,False
2023-10-05,9537.348036358966,0.0,9537.348036358966,WAIT,False
2023-10-06,9537.348036358966,0.0,9537.348036358966,WAIT,False
2023-10-09,9537.348036358966,0.0,9537.348036358966,WAIT,False
2023-10-10,9537.348036358966,0.0,9537.348036358966,WAIT,False
2023-10-11,9537.348036358966,0.0,9537.348036358966,WAIT,False
2023-10-12,9537.348036358966,0.0,9537.348036358966,WAIT,False
2023-10-13,9537.348036358966,0.0,9537.348036358966,WAIT,False
2023-10-16,9537.348036358966,0.0,9537.348036358966,WAIT,False
2023-10-17,9537.348036358966,0.0,9537.348036358966,WAIT,False
2023-10-18,9537.348036358966,0.0,9537.348036358966,WAIT,False
2023-10-19,9537.348036358966,0.0,9537.348036358966,WAIT,False
2023-10-20,9537.348036358966,0.0,9537.348036358966,WAIT,False
2023-10-23,9537.348036358966,0.0,9537.348036358966,WAIT,False
2023-10-24,9537.348036358966,0.0,9537.348036358966,WAIT,False
2023-10-25,9537.348036358966,0.0,9537.348036358966,WAIT,False
2023-10-26,9537.348036358966,0.0,9537.348036358966,WAIT,False
2023-10-27,9537.348036358966,0.0,9537.348036358966,WAIT,False
2023-10-30,9537.348036358966,0.0,9537.348036358966,WAIT,False
2023-10-31,9537.348036358966,0.0,9537.348036358966,WAIT,False
2023-11-01,9537.348036358966,0.0,9537.348036358966,WAIT,False
2023-11-02,9537.348036358966,0.0,9537.348036358966,WAIT,False
2023-11-03,9537.348036358966,0.0,9537.348036358966,WAIT,False
2023-11-06,9537.348036358966,0.0,9537.348036358966,WAIT,False
2023-11-07,9537.348036358966,0.0,9537.348036358966,WAIT,False
2023-11-08,9537.348036358966,0.0,9537.348036358966,WAIT,False
2023-11-09,9537.348036358966,0.0,9537.348036358966,WAIT,False
2023-11-10,9537.348036358966,0.0,9537.348036358966,WAIT,False
2023-11-13,9537.348036358966,0.0,9537.348036358966,WAIT,False
2023-11-14,9537.348036358966,0.0,9537.348036358966,WAIT,False
2023-11-15,9537.348036358966,0.0,9537.348036358966,WAIT,False
2023-11-16,9537.348036358966,0.0,9537.348036358966,WAIT,False
2023-11-17,9537.348036358966,0.0,9537.348036358966,WAIT,False
2023-11-20,9537.348036358966,0.0,9537.348036358966,WAIT,False
2023-11-21,9537.348036358966,0.0,9537.348036358966,WAIT,False
2023-11-22,9537.348036358966,0.0,9537.348036358966,WAIT,False
2023-11-24,9537.348036358966,0.0,9537.348036358966,WAIT,False
2023-11-27,9537.348036358966,0.0,9537.348036358966,WAIT,False
2023-11-28,9537.348036358966,0.0,9537.348036358966,WAIT,False
2023-11-29,9537.348036358966,0.0,9537.348036358966,WAIT,False
2023-11-30,9537.348036358966,0.0,9537.348036358966,WAIT,False
2023-12-01,9537.348036358966,0.0,9537.348036358966,WAIT,False
2023-12-04,9537.348036358966,0.0,9537.348036358966,WAIT,False
2023-12-05,9537.348036358966,0.0,9537.348036358966,WAIT,False
2023-12-06,9537.348036358966,0.0,9537.348036358966,WAIT,False
2023-12-07,9537.348036358966,0.0,9537.348036358966,WAIT,False
2023-12-08,9537.348036358966,0.0,9537.348036358966,WAIT,False
2023-12-11,9537.348036358966,0.0,9537.348036358966,WAIT,False
2023-12-12,9537.348036358966,0.0,9537.348036358966,WAIT,False
2023-12-13,9537.348036358966,0.0,9537.348036358966,WAIT,False
2023-12-14,9537.348036358966,0.0,9537.348036358966,WAIT,False
2023-12-15,9537.348036358966,0.0,9537.348036358966,WAIT,False
2023-12-18,9537.348036358966,0.0,9537.348036358966,WAIT,False
2023-12-19,9537.348036358966,0.0,9537.348036358966,WAIT,False
2023-12-20,9537.348036358966,0.0,9537.348036358966,WAIT,False
2023-12-21,9537.348036358966,0.0,9537.348036358966,WAIT,False
2023-12-22,9537.348036358966,0.0,9537.348036358966,WAIT,False
2023-12-26,9537.348036358966,0.0,9537.348036358966,WAIT,False
2023-12-27,9537.348036358966,0.0,9537.348036358966,WAIT,False
2023-12-28,9537.348036358966,0.0,9537.348036358966,WAIT,False
2023-12-29,9537.348036358966,0.0,9537.348036358966,WAIT,False
2024-01-02,9537.348036358966,0.0,9537.348036358966,WAIT,False
2024-01-03,9537.348036358966,0.0,9537.348036358966,WAIT,False
2024-01-04,9537.348036358966,0.0,9537.348036358966,WAIT,False
2024-01-05,9537.348036358966,0.0,9537.348036358966,WAIT,False
2024-01-08,9537.348036358966,0.0,9537.348036358966,WAIT,False
2024-01-09,9537.348036358966,0.0,9537.348036358966,WAIT,False
2024-01-10,9537.348036358966,0.0,9537.348036358966,WAIT,False
2024-01-11,9537.348036358966,0.0,9537.348036358966,WAIT,False
2024-01-12,9537.348036358966,0.0,9537.348036358966,WAIT,False
2024-01-16,9537.348036358966,0.0,9537.348036358966,WAIT,False
2024-01-17,9537.348036358966,0.0,9537.348036358966,WAIT,False
2024-01-18,9537.348036358966,0.0,9537.348036358966,WAIT,False
2024-01-19,9537.348036358966,0.0,9537.348036358966,WAIT,False
2024-01-22,9537.348036358966,0.0,9537.348036358966,WAIT,False
2024-01-23,9537.348036358966,0.0,9537.348036358966,WAIT,False
2024-01-24,9537.348036358966,0.0,9537.348036358966,WAIT,False
2024-01-25,9537.348036358966,0.0,9537.348036358966,WAIT,False
2024-01-26,9537.348036358966,0.0,9537.348036358966,WAIT,False
2024-01-29,9537.348036358966,0.0,9537.348036358966,WAIT,False
2024-01-30,9537.348036358966,0.0,9537.348036358966,WAIT,False
2024-01-31,9537.348036358966,0.0,9537.348036358966,WAIT,False
2024-02-01,9537.348036358966,0.0,9537.348036358966,WAIT,False
2024-02-02,9537.348036358966,0.0,9537.348036358966,WAIT,False
2024-02-05,9537.348036358966,0.0,9537.348036358966,WAIT,False
2024-02-06,9537.348036358966,0.0,9537.348036358966,WAIT,False
2024-02-07,9537.348036358966,0.0,9537.348036358966,WAIT,False
2024-02-08,9537.348036358966,0.0,9537.348036358966,WAIT,False
2024-02-09,9537.348036358966,0.0,9537.348036358966,WAIT,False
2024-02-12,9537.348036358966,0.0,9537.348036358966,WAIT,False
2024-02-13,9537.348036358966,0.0,9537.348036358966,WAIT,False
2024-02-14,9537.348036358966,0.0,9537.348036358966,WAIT,False
2024-02-15,9537.348036358966,0.0,9537.348036358966,WAIT,False
2024-02-16,9537.348036358966,0.0,9537.348036358966,WAIT,False
2024-02-20,9537.348036358966,0.0,9537.348036358966,WAIT,False
2024-02-21,9537.348036358966,0.0,9537.348036358966,WAIT,False
2024-02-22,9537.348036358966,0.0,9537.348036358966,WAIT,False
2024-02-23,9537.348036358966,0.0,9537.348036358966,WAIT,False
2024-02-26,9537.348036358966,0.0,9537.348036358966,WAIT,False
2024-02-27,9537.348036358966,0.0,9537.348036358966,WAIT,False
2024-02-28,9537.348036358966,0.0,9537.348036358966,WAIT,False
2024-02-29,9537.348036358966,0.0,9537.348036358966,WAIT,False
2024-03-01,9537.348036358966,0.0,9537.348036358966,WAIT,False
2024-03-04,9537.348036358966,0.0,9537.348036358966,WAIT,False
2024-03-05,9537.348036358966,0.0,9537.348036358966,WAIT,False
2024-03-06,9537.348036358966,0.0,9537.348036358966,WAIT,False
2024-03-07,9537.348036358966,0.0,9537.348036358966,WAIT,False
2024-03-08,9537.348036358966,0.0,9537.348036358966,WAIT,False
2024-03-11,9537.348036358966,0.0,9537.348036358966,WAIT,False
2024-03-12,9537.348036358966,0.0,9537.348036358966,WAIT,False
2024-03-13,9537.348036358966,0.0,9537.348036358966,WAIT,False
2024-03-14,9537.348036358966,0.0,9537.348036358966,WAIT,False
2024-03-15,9537.348036358966,0.0,9537.348036358966,WAIT,False
2024-03-18,9537.348036358966,0.0,9537.348036358966,WAIT,False
2024-03-19,9537.348036358966,0.0,9537.348036358966,WAIT,False
2024-03-20,9537.348036358966,0.0,9537.348036358966,WAIT,False
2024-03-21,9537.348036358966,0.0,9537.348036358966,WAIT,False
2024-03-22,9537.348036358966,0.0,9537.348036358966,WAIT,False
2024-03-25,9537.348036358966,0.0,9537.348036358966,WAIT,False
2024-03-26,9537.348036358966,0.0,9537.348036358966,WAIT,False
2024-03-27,9537.348036358966,0.0,9537.348036358966,WAIT,False
2024-03-28,9537.348036358966,0.0,9537.348036358966,WAIT,False
2024-04-01,9537.348036358966,0.0,9537.348036358966,WAIT,False
2024-04-02,9537.348036358966,0.0,9537.348036358966,WAIT,False
2024-04-03,9537.348036358966,0.0,9537.348036358966,WAIT,False
2024-04-04,9537.348036358966,0.0,9537.348036358966,WAIT,False
2024-04-05,9537.348036358966,0.0,9537.348036358966,WAIT,False
2024-04-08,9537.348036358966,0.0,9537.348036358966,WAIT,False
2024-04-09,9537.348036358966,0.0,9537.348036358966,WAIT,False
2024-04-10,9537.348036358966,0.0,9537.348036358966,WAIT,False
2024-04-11,9537.348036358966,0.0,9537.348036358966,WAIT,False
2024-04-12,9537.348036358966,0.0,9537.348036358966,WAIT,False
2024-04-15,9537.348036358966,0.0,9537.348036358966,WAIT,False
2024-04-16,9537.348036358966,0.0,9537.348036358966,WAIT,False
2024-04-17,9537.348036358966,0.0,9537.348036358966,WAIT,False
2024-04-18,9537.348036358966,0.0,9537.348036358966,WAIT,False
2024-04-19,9537.348036358966,0.0,9537.348036358966,WAIT,False
2024-04-22,9537.348036358966,0.0,9537.348036358966,WAIT,False
2024-04-23,9537.348036358966,0.0,9537.348036358966,WAIT,False
2024-04-24,9537.348036358966,0.0,9537.348036358966,WAIT,False
2024-04-25,9537.348036358966,0.0,9537.348036358966,WAIT,False
2024-04-26,9537.348036358966,0.0,9537.348036358966,WAIT,False
2024-04-29,9537.348036358966,0.0,9537.348036358966,WAIT,False
2024-04-30,9537.348036358966,0.0,9537.348036358966,WAIT,False
2024-05-01,9537.348036358966,0.0,9537.348036358966,WAIT,False
2024-05-02,9537.348036358966,0.0,9537.348036358966,WAIT,False
2024-05-03,9537.348036358966,0.0,9537.348036358966,WAIT,False
2024-05-06,9537.348036358966,0.0,9537.348036358966,WAIT,False
2024-05-07,9537.348036358966,0.0,9537.348036358966,WAIT,False
2024-05-08,9537.348036358966,0.0,9537.348036358966,WAIT,False
2024-05-09,9537.348036358966,0.0,9537.348036358966,WAIT,False
2024-05-10,9537.348036358966,0.0,9537.348036358966,WAIT,False
2024-05-13,9537.348036358966,0.0,9537.348036358966,WAIT,False
2024-05-14,9537.348036358966,0.0,9537.348036358966,WAIT,False
2024-05-15,9537.348036358966,0.0,9537.348036358966,WAIT,False
2024-05-16,9537.348036358966,0.0,9537.348036358966,WAIT,False
2024-05-17,9537.348036358966,0.0,9537.348036358966,WAIT,False
2024-05-20,9537.348036358966,0.0,9537.348036358966,WAIT,False
2024-05-21,9537.348036358966,0.0,9537.348036358966,WAIT,False
2024-05-22,9537.348036358966,0.0,9537.348036358966,WAIT,False
2024-05-23,9537.348036358966,0.0,9537.348036358966,WAIT,False
2024-05-24,9537.348036358966,0.0,9537.348036358966,WAIT,False
2024-05-28,9537.348036358966,0.0,9537.348036358966,WAIT,False
2024-05-29,9537.348036358966,0.0,9537.348036358966,WAIT,False
2024-05-30,9537.348036358966,0.0,9537.348036358966,WAIT,False
2024-05-31,9537.348036358966,0.0,9537.348036358966,WAIT,False
2024-06-03,9537.348036358966,0.0,9537.348036358966,WAIT,False
2024-06-04,9537.348036358966,0.0,9537.348036358966,WAIT,False
2024-06-05,9537.348036358966,0.0,9537.348036358966,WAIT,False
2024-06-06,9537.348036358966,0.0,9537.348036358966,WAIT,False
2024-06-07,9537.348036358966,0.0,9537.348036358966,WAIT,False
2024-06-10,9537.348036358966,0.0,9537.348036358966,WAIT,False
2024-06-11,9537.348036358966,0.0,9537.348036358966,WAIT,False
2024-06-12,9537.348036358966,0.0,9537.348036358966,WAIT,False
2024-06-13,9537.348036358966,0.0,9537.348036358966,WAIT,False
2024-06-14,9537.348036358966,0.0,9537.348036358966,WAIT,False
2024-06-17,9537.348036358966,0.0,9537.348036358966,WAIT,False
2024-06-18,9537.348036358966,0.0,9537.348036358966,WAIT,False
2024-06-20,9537.348036358966,0.0,9537.348036358966,WAIT,False
2024-06-21,9537.348036358966,0.0,9537.348036358966,WAIT,False
2024-06-24,9537.348036358966,0.0,9537.348036358966,WAIT,False
2024-06-25,9537.348036358966,0.0,9537.348036358966,WAIT,False
2024-06-26,9537.348036358966,0.0,9537.348036358966,WAIT,False
2024-06-27,9537.348036358966,0.0,9537.348036358966,WAIT,False
2024-06-28,9537.348036358966,0.0,9537.348036358966,WAIT,False
2024-07-01,9537.348036358966,0.0,9537.348036358966,WAIT,False
2024-07-02,9537.348036358966,0.0,9537.348036358966,WAIT,False
2024-07-03,9537.348036358966,0.0,9537.348036358966,WAIT,False
2024-07-05,9537.348036358966,0.0,9537.348036358966,WAIT,False
2024-07-08,9537.348036358966,0.0,9537.348036358966,WAIT,False
2024-07-09,9537.348036358966,0.0,9537.348036358966,WAIT,False
2024-07-10,9537.348036358966,0.0,9537.348036358966,WAIT,False
2024-07-11,9537.348036358966,0.0,9537.348036358966,WAIT,False
2024-07-12,9537.348036358966,0.0,9537.348036358966,WAIT,False
2024-07-15,9537.348036358966,0.0,9537.348036358966,WAIT,False
2024-07-16,9537.348036358966,0.0,9537.348036358966,WAIT,False
2024-07-17,9537.348036358966,0.0,9537.348036358966,WAIT,False
2024-07-18,9537.348036358966,0.0,9537.348036358966,WAIT,False
2024-07-19,9537.348036358966,0.0,9537.348036358966,WAIT,False
2024-07-22,9537.348036358966,0.0,9537.348036358966,WAIT,False
2024-07-23,9537.348036358966,0.0,9537.348036358966,WAIT,False
2024-07-24,9537.348036358966,0.0,9537.348036358966,WAIT,False
2024-07-25,9537.348036358966,0.0,9537.348036358966,WAIT,False
2024-07-26,9537.348036358966,0.0,9537.348036358966,WAIT,False
2024-07-29,9537.348036358966,0.0,9537.348036358966,WAIT,False
2024-07-30,9537.348036358966,0.0,9537.348036358966,WAIT,False
2024-07-31,9537.348036358966,0.0,9537.348036358966,WAIT,False
2024-08-01,9537.348036358966,0.0,9537.348036358966,WAIT,False
2024-08-02,9537.348036358966,0.0,9537.348036358966,WAIT,False
2024-08-05,9537.348036358966,0.0,9537.348036358966,WAIT,False
2024-08-06,7153.011027269224,2397.0730911291994,9550.084118398423,BUY,True
2024-08-07,7153.011027269224,2381.05109067212,9534.062117941343,BUY,True
2024-08-08,7153.011027269224,2436.094708594449,9589.105735863672,BUY,True
2024-08-09,7153.011027269224,2446.836850598228,9599.84787786745,BUY,True
2024-08-12,7153.011027269224,2448.1227180677997,9601.133745337023,BUY,True
2024-08-13,9640.64758128394,0.0,9640.64758128394,WAIT,False
2024-08-14,9640.64758128394,0.0,9640.64758128394,WAIT,False
2024-08-15,9640.64758128394,0.0,9640.64758128394,WAIT,False
2024-08-16,9640.64758128394,0.0,9640.64758128394,WAIT,False
2024-08-19,9640.64758128394,0.0,9640.64758128394,WAIT,False
2024-08-20,9640.64758128394,0.0,9640.64758128394,WAIT,False
2024-08-21,9640.64758128394,0.0,9640.64758128394,WAIT,False
2024-08-22,9640.64758128394,0.0,9640.64758128394,WAIT,False
2024-08-23,9640.64758128394,0.0,9640.64758128394,WAIT,False
2024-08-26,9640.64758128394,0.0,9640.64758128394,WAIT,False
2024-08-27,9640.64758128394,0.0,9640.64758128394,WAIT,False
2024-08-28,9640.64758128394,0.0,9640.64758128394,WAIT,False
2024-08-29,9640.64758128394,0.0,9640.64758128394,WAIT,False
2024-08-30,9640.64758128394,0.0,9640.64758128394,WAIT,False
2024-09-03,9640.64758128394,0.0,9640.64758128394,WAIT,False
2024-09-04,9640.64758128394,0.0,9640.64758128394,WAIT,False
2024-09-05,9640.64758128394,0.0,9640.64758128394,SELL,False
2024-09-06,9640.64758128394,0.0,9640.64758128394,SELL,False
2024-09-09,9640.64758128394,0.0,9640.64758128394,SELL,False
2024-09-10,9640.64758128394,0.0,9640.64758128394,SELL,False
2024-09-11,9640.64758128394,0.0,9640.64758128394,SELL,False
2024-09-12,9640.64758128394,0.0,9640.64758128394,SELL,False
2024-09-13,9640.64758128394,0.0,9640.64758128394,SELL,False
2024-09-16,9640.64758128394,0.0,9640.64758128394,WAIT,False
2024-09-17,9640.64758128394,0.0,9640.64758128394,WAIT,False
2024-09-18,9640.64758128394,0.0,9640.64758128394,WAIT,False
2024-09-19,9640.64758128394,0.0,9640.64758128394,WAIT,False
2024-09-20,9640.64758128394,0.0,9640.64758128394,SELL,False
2024-09-23,9640.64758128394,0.0,9640.64758128394,SELL,False
2024-09-24,9640.64758128394,0.0,9640.64758128394,WAIT,False
2024-09-25,9640.64758128394,0.0,9640.64758128394,WAIT,False
2024-09-26,9640.64758128394,0.0,9640.64758128394,WAIT,False
2024-09-27,9640.64758128394,0.0,9640.64758128394,WAIT,False
2024-09-30,9640.64758128394,0.0,9640.64758128394,WAIT,False
2024-10-01,9640.64758128394,0.0,9640.64758128394,WAIT,False
2024-10-02,9640.64758128394,0.0,9640.64758128394,WAIT,False
2024-10-03,9640.64758128394,0.0,9640.64758128394,WAIT,False
2024-10-04,9640.64758128394,0.0,9640.64758128394,WAIT,False
2024-10-07,9640.64758128394,0.0,9640.64758128394,WAIT,False
2024-10-08,9640.64758128394,0.0,9640.64758128394,WAIT,False
2024-10-09,9640.64758128394,0.0,9640.64758128394,WAIT,False
2024-10-10,9640.64758128394,0.0,9640.64758128394,WAIT,False
2024-10-11,9640.64758128394,0.0,9640.64758128394,WAIT,False
2024-10-14,9640.64758128394,0.0,9640.64758128394,WAIT,False
2024-10-15,9640.64758128394,0.0,9640.64758128394,WAIT,False
2024-10-16,9640.64758128394,0.0,9640.64758128394,WAIT,False
2024-10-17,9640.64758128394,0.0,9640.64758128394,WAIT,False
2024-10-18,9640.64758128394,0.0,9640.64758128394,WAIT,False
2024-10-21,9640.64758128394,0.0,9640.64758128394,WAIT,False
2024-10-22,9640.64758128394,0.0,9640.64758128394,WAIT,False
2024-10-23,9640.64758128394,0.0,9640.64758128394,WAIT,False
2024-10-24,9640.64758128394,0.0,9640.64758128394,WAIT,False
2024-10-25,9640.64758128394,0.0,9640.64758128394,WAIT,False
2024-10-28,9640.64758128394,0.0,9640.64758128394,WAIT,False
2024-10-29,9640.64758128394,0.0,9640.64758128394,WAIT,False
2024-10-30,9640.64758128394,0.0,9640.64758128394,WAIT,False
2024-10-31,9640.64758128394,0.0,9640.64758128394,WAIT,False
2024-11-01,9640.64758128394,0.0,9640.64758128394,WAIT,False
2024-11-04,9640.64758128394,0.0,9640.64758128394,WAIT,False
2024-11-05,9640.64758128394,0.0,9640.64758128394,WAIT,False
2024-11-06,9640.64758128394,0.0,9640.64758128394,WAIT,False
2024-11-07,9640.64758128394,0.0,9640.64758128394,WAIT,False
2024-11-08,9640.64758128394,0.0,9640.64758128394,WAIT,False
2024-11-11,9640.64758128394,0.0,9640.64758128394,WAIT,False
2024-11-12,9640.64758128394,0.0,9640.64758128394,WAIT,False
2024-11-13,9640.64758128394,0.0,9640.64758128394,WAIT,False
2024-11-14,9640.64758128394,0.0,9640.64758128394,WAIT,False
2024-11-15,9640.64758128394,0.0,9640.64758128394,WAIT,False
2024-11-18,9640.64758128394,0.0,9640.64758128394,WAIT,False
2024-11-19,9640.64758128394,0.0,9640.64758128394,WAIT,False
2024-11-20,9640.64758128394,0.0,9640.64758128394,WAIT,False
2024-11-21,9640.64758128394,0.0,9640.64758128394,WAIT,False
2024-11-22,9640.64758128394,0.0,9640.64758128394,WAIT,False
2024-11-25,9640.64758128394,0.0,9640.64758128394,WAIT,False
2024-11-26,9640.64758128394,0.0,9640.64758128394,WAIT,False
2024-11-27,9640.64758128394,0.0,9640.64758128394,WAIT,False
2024-11-29,9640.64758128394,0.0,9640.64758128394,WAIT,False
2024-12-02,9640.64758128394,0.0,9640.64758128394,WAIT,False
2024-12-03,9640.64758128394,0.0,9640.64758128394,WAIT,False
2024-12-04,9640.64758128394,0.0,9640.64758128394,WAIT,False
2024-12-05,9640.64758128394,0.0,9640.64758128394,WAIT,False
2024-12-06,9640.64758128394,0.0,9640.64758128394,WAIT,False
2024-12-09,9640.64758128394,0.0,9640.64758128394,WAIT,False
2024-12-10,9640.64758128394,0.0,9640.64758128394,WAIT,False
2024-12-11,9640.64758128394,0.0,9640.64758128394,WAIT,False
2024-12-12,9640.64758128394,0.0,9640.64758128394,WAIT,False
2024-12-13,9640.64758128394,0.0,9640.64758128394,WAIT,False
2024-12-16,9640.64758128394,0.0,9640.64758128394,WAIT,False
2024-12-17,9640.64758128394,0.0,9640.64758128394,WAIT,False
2024-12-18,9640.64758128394,0.0,9640.64758128394,WAIT,False
2024-12-19,9640.64758128394,0.0,9640.64758128394,WAIT,False
2024-12-20,7230.485685962954,2448.2869260637412,9678.772612026696,BUY,True
2024-12-23,7230.485685962954,2462.948038101493,9693.433724064447,BUY,True
2024-12-24,7230.485685962954,2490.324206076585,9720.809892039539,BUY,True
2024-12-26,7230.485685962954,2490.489784109174,9720.975470072128,BUY,True
2024-12-27,7230.485685962954,2464.2736907971885,9694.759376760143,WAIT,True
2024-12-30,9665.90679657171,0.0,9665.90679657171,WAIT,False
2024-12-31,9665.90679657171,0.0,9665.90679657171,WAIT,False
2025-01-02,9665.90679657171,0.0,9665.90679657171,WAIT,False
2025-01-03,9665.90679657171,0.0,9665.90679657171,WAIT,False
2025-01-06,9665.90679657171,0.0,9665.90679657171,WAIT,False
2025-01-07,9665.90679657171,0.0,9665.90679657171,WAIT,False
2025-01-08,9665.90679657171,0.0,9665.90679657171,WAIT,False
2025-01-10,9665.90679657171,0.0,9665.90679657171,WAIT,False
2025-01-13,9665.90679657171,0.0,9665.90679657171,WAIT,False
2025-01-14,9665.90679657171,0.0,9665.90679657171,WAIT,False
2025-01-15,9665.90679657171,0.0,9665.90679657171,WAIT,False
2025-01-16,9665.90679657171,0.0,9665.90679657171,WAIT,False
2025-01-17,9665.90679657171,0.0,9665.90679657171,WAIT,False
2025-01-21,9665.90679657171,0.0,9665.90679657171,WAIT,False
2025-01-22,9665.90679657171,0.0,9665.90679657171,WAIT,False
2025-01-23,9665.90679657171,0.0,9665.90679657171,WAIT,False
2025-01-24,9665.90679657171,0.0,9665.90679657171,WAIT,False
2025-01-27,9665.90679657171,0.0,9665.90679657171,WAIT,False
2025-01-28,9665.90679657171,0.0,9665.90679657171,WAIT,False
2025-01-29,9665.90679657171,0.0,9665.90679657171,WAIT,False
2025-01-30,9665.90679657171,0.0,9665.90679657171,WAIT,False
2025-01-31,9665.90679657171,0.0,9665.90679657171,WAIT,False
2025-02-03,9665.90679657171,0.0,9665.90679657171,WAIT,False
2025-02-04,9665.90679657171,0.0,9665.90679657171,WAIT,False
2025-02-05,9665.90679657171,0.0,9665.90679657171,WAIT,False
2025-02-06,9665.90679657171,0.0,9665.90679657171,WAIT,False
2025-02-07,9665.90679657171,0.0,9665.90679657171,WAIT,False
2025-02-10,9665.90679657171,0.0,9665.90679657171,WAIT,False
2025-02-11,9665.90679657171,0.0,9665.90679657171,WAIT,False
2025-02-12,9665.90679657171,0.0,9665.90679657171,WAIT,False
2025-02-13,9665.90679657171,0.0,9665.90679657171,WAIT,False
2025-02-14,9665.90679657171,0.0,9665.90679657171,WAIT,False
2025-02-18,9665.90679657171,0.0,9665.90679657171,WAIT,False
2025-02-19,9665.90679657171,0.0,9665.90679657171,WAIT,False
2025-02-20,9665.90679657171,0.0,9665.90679657171,WAIT,False
2025-02-21,9665.90679657171,0.0,9665.90679657171,WAIT,False
2025-02-24,9665.90679657171,0.0,9665.90679657171,WAIT,False
2025-02-25,9665.90679657171,0.0,9665.90679657171,WAIT,False
2025-02-26,9665.90679657171,0.0,9665.90679657171,WAIT,False
2025-02-27,9665.90679657171,0.0,9665.90679657171,WAIT,False
2025-02-28,9665.90679657171,0.0,9665.90679657171,WAIT,False
2025-03-03,9665.90679657171,0.0,9665.90679657171,WAIT,False
2025-03-04,9665.90679657171,0.0,9665.90679657171,WAIT,False
2025-03-05,9665.90679657171,0.0,9665.90679657171,WAIT,False
2025-03-06,9665.90679657171,0.0,9665.90679657171,WAIT,False
2025-03-07,9665.90679657171,0.0,9665.90679657171,WAIT,False
2025-03-10,9665.90679657171,0.0,9665.90679657171,WAIT,False
2025-03-11,9665.90679657171,0.0,9665.90679657171,SELL,False
2025-03-12,9665.90679657171,0.0,9665.90679657171,WAIT,False
2025-03-13,9665.90679657171,0.0,9665.90679657171,WAIT,False
2025-03-14,9665.90679657171,0.0,9665.90679657171,SELL,False
2025-03-17,9665.90679657171,0.0,9665.90679657171,SELL,False
2025-03-18,9665.90679657171,0.0,9665.90679657171,SELL,False
2025-03-19,9665.90679657171,0.0,9665.90679657171,SELL,False
2025-03-20,9665.90679657171,0.0,9665.90679657171,SELL,False
2025-03-21,9665.90679657171,0.0,9665.90679657171,SELL,False
2025-03-24,9665.90679657171,0.0,9665.90679657171,SELL,False
2025-03-25,9665.90679657171,0.0,9665.90679657171,SELL,False
2025-03-26,9665.90679657171,0.0,9665.90679657171,SELL,False
2025-03-27,9665.90679657171,0.0,9665.90679657171,SELL,False
2025-03-28,9665.90679657171,0.0,9665.90679657171,SELL,False
2025-03-31,9665.90679657171,0.0,9665.90679657171,SELL,False
2025-04-01,9665.90679657171,0.0,9665.90679657171,SELL,False
2025-04-02,9665.90679657171,0.0,9665.90679657171,SELL,False
2025-04-03,9665.90679657171,0.0,9665.90679657171,SELL,False
2025-04-04,9665.90679657171,0.0,9665.90679657171,SELL,False
2025-04-07,9665.90679657171,0.0,9665.90679657171,WAIT,False
2025-04-08,9665.90679657171,0.0,9665.90679657171,WAIT,False
2025-04-09,9665.90679657171,0.0,9665.90679657171,WAIT,False
2025-04-10,9665.90679657171,0.0,9665.90679657171,WAIT,False
2025-04-11,9665.90679657171,0.0,9665.90679657171,WAIT,False
2025-04-14,9665.90679657171,0.0,9665.90679657171,WAIT,False
2025-04-15,7249.430097428782,2406.5306544259697,9655.960751854751,BUY,True
2025-04-16,7194.3562824472765,2370.254608933564,9564.61089138084,BUY,True
2025-04-17,7194.3562824472765,2373.636571227471,9567.992853674747,WAIT,True
2025-04-21,7139.700862436941,2345.9521547912855,9485.653017228226,BUY,True
2025-04-22,7139.700862436941,2406.9885743213213,9546.689436758263,BUY,True
2025-04-23,7139.700862436941,2444.28573582189,9583.98659825883,BUY,True
2025-04-24,7139.700862436941,2495.735582003709,9635.43644444065,BUY,True
2025-04-25,7139.700862436941,2513.7680485360675,9653.468910973008,WAIT,True
2025-04-28,9661.386240789292,0.0,9661.386240789292,WAIT,False
2025-04-29,9661.386240789292,0.0,9661.386240789292,WAIT,False
2025-04-30,9661.386240789292,0.0,9661.386240789292,WAIT,False
2025-05-01,9661.386240789292,0.0,9661.386240789292,WAIT,False
2025-05-02,9661.386240789292,0.0,9661.386240789292,WAIT,False
2025-05-05,9661.386240789292,0.0,9661.386240789292,WAIT,False
2025-05-06,9661.386240789292,0.0,9661.386240789292,WAIT,False
2025-05-07,9661.386240789292,0.0,9661.386240789292,WAIT,False
2025-05-08,9661.386240789292,0.0,9661.386240789292,WAIT,False
2025-05-09,9661.386240789292,0.0,9661.386240789292,WAIT,False
2025-05-12,9661.386240789292,0.0,9661.386240789292,WAIT,False
2025-05-13,9661.386240789292,0.0,9661.386240789292,WAIT,False
2025-05-14,9661.386240789292,0.0,9661.386240789292,WAIT,False
2025-05-15,9661.386240789292,0.0,9661.386240789292,WAIT,False
2025-05-16,9661.386240789292,0.0,9661.386240789292,WAIT,False
2025-05-19,9661.386240789292,0.0,9661.386240789292,WAIT,False
2025-05-20,9661.386240789292,0.0,9661.386240789292,WAIT,False
2025-05-21,9661.386240789292,0.0,9661.386240789292,WAIT,False
2025-05-22,9661.386240789292,0.0,9661.386240789292,WAIT,False
2025-05-23,9661.386240789292,0.0,9661.386240789292,WAIT,False
2025-05-27,9661.386240789292,0.0,9661.386240789292,WAIT,False
2025-05-28,9661.386240789292,0.0,9661.386240789292,WAIT,False
2025-05-29,9661.386240789292,0.0,9661.386240789292,WAIT,False
2025-05-30,9661.386240789292,0.0,9661.386240789292,WAIT,False
2025-06-02,9661.386240789292,0.0,9661.386240789292,WAIT,False
2025-06-03,9661.386240789292,0.0,9661.386240789292,WAIT,False
2025-06-04,9661.386240789292,0.0,9661.386240789292,WAIT,False
2025-06-05,9661.386240789292,0.0,9661.386240789292,WAIT,False
2025-06-06,9661.386240789292,0.0,9661.386240789292,WAIT,False
2025-06-09,9661.386240789292,0.0,9661.386240789292,WAIT,False
2025-06-10,9661.386240789292,0.0,9661.386240789292,WAIT,False
2025-06-11,9661.386240789292,0.0,9661.386240789292,WAIT,False
2025-06-12,9661.386240789292,0.0,9661.386240789292,WAIT,False
2025-06-13,9661.386240789292,0.0,9661.386240789292,WAIT,False
2025-06-16,9661.386240789292,0.0,9661.386240789292,WAIT,False
2025-06-17,9661.386240789292,0.0,9661.386240789292,WAIT,False
2025-06-18,9661.386240789292,0.0,9661.386240789292,WAIT,False
2025-06-20,9661.386240789292,0.0,9661.386240789292,WAIT,False
2025-06-23,9661.386240789292,0.0,9661.386240789292,WAIT,False
2025-06-24,9661.386240789292,0.0,9661.386240789292,WAIT,False
2025-06-25,9661.386240789292,0.0,9661.386240789292,WAIT,False
2025-06-26,9661.386240789292,0.0,9661.386240789292,WAIT,False
2025-06-27,9661.386240789292,0.0,9661.386240789292,WAIT,False
2025-06-30,9661.386240789292,0.0,9661.386240789292,WAIT,False
2025-07-01,9661.386240789292,0.0,9661.386240789292,WAIT,False
2025-07-02,9661.386240789292,0.0,9661.386240789292,WAIT,False
2025-07-03,9661.386240789292,0.0,9661.386240789292,WAIT,False
2025-07-07,9661.386240789292,0.0,9661.386240789292,WAIT,False
2025-07-08,9661.386240789292,0.0,9661.386240789292,WAIT,False
2025-07-09,9661.386240789292,0.0,9661.386240789292,WAIT,False
2025-07-10,9661.386240789292,0.0,9661.386240789292,WAIT,False
2025-07-11,9661.386240789292,0.0,9661.386240789292,WAIT,False
2025-07-14,9661.386240789292,0.0,9661.386240789292,WAIT,False
2025-07-15,9661.386240789292,0.0,9661.386240789292,WAIT,False
2025-07-16,9661.386240789292,0.0,9661.386240789292,WAIT,False
2025-07-17,9661.386240789292,0.0,9661.386240789292,WAIT,False
2025-07-18,9661.386240789292,0.0,9661.386240789292,WAIT,False
2025-07-21,9661.386240789292,0.0,9661.386240789292,WAIT,False
2025-07-22,9661.386240789292,0.0,9661.386240789292,WAIT,False
2025-07-23,9661.386240789292,0.0,9661.386240789292,WAIT,False
2025-07-24,9661.386240789292,0.0,9661.386240789292,WAIT,False
2025-07-25,9661.386240789292,0.0,9661.386240789292,WAIT,False
2025-07-28,9661.386240789292,0.0,9661.386240789292,WAIT,False
2025-07-29,9661.386240789292,0.0,9661.386240789292,WAIT,False
2025-07-30,9661.386240789292,0.0,9661.386240789292,WAIT,False
2025-07-31,9661.386240789292,0.0,9661.386240789292,WAIT,False
2025-08-01,9661.386240789292,0.0,9661.386240789292,WAIT,False
2025-08-04,9661.386240789292,0.0,9661.386240789292,WAIT,False
2025-08-05,9661.386240789292,0.0,9661.386240789292,WAIT,False
2025-08-06,9661.386240789292,0.0,9661.386240789292,WAIT,False
2025-08-07,9661.386240789292,0.0,9661.386240789292,WAIT,False
2025-08-08,9661.386240789292,0.0,9661.386240789292,WAIT,False
2025-08-11,9661.386240789292,0.0,9661.386240789292,WAIT,False
2025-08-12,9661.386240789292,0.0,9661.386240789292,WAIT,False
2025-08-13,9661.386240789292,0.0,9661.386240789292,WAIT,False
2025-08-14,9661.386240789292,0.0,9661.386240789292,WAIT,False
2025-08-15,9661.386240789292,0.0,9661.386240789292,WAIT,False
2025-08-18,9661.386240789292,0.0,9661.386240789292,WAIT,False
2025-08-19,9661.386240789292,0.0,9661.386240789292,WAIT,False
2025-08-20,9661.386240789292,0.0,9661.386240789292,WAIT,False
2025-08-21,9661.386240789292,0.0,9661.386240789292,WAIT,False
2025-08-22,9661.386240789292,0.0,9661.386240789292,WAIT,False
2025-08-25,9661.386240789292,0.0,9661.386240789292,WAIT,False
2025-08-26,9661.386240789292,0.0,9661.386240789292,WAIT,False
2025-08-27,9661.386240789292,0.0,9661.386240789292,WAIT,False
2025-08-28,9661.386240789292,0.0,9661.386240789292,WAIT,False
2025-08-29,9661.386240789292,0.0,9661.386240789292,WAIT,False
2025-09-02,9661.386240789292,0.0,9661.386240789292,WAIT,False
2025-09-03,9661.386240789292,0.0,9661.386240789292,WAIT,False
2025-09-04,9661.386240789292,0.0,9661.386240789292,WAIT,False
2025-09-05,9661.386240789292,0.0,9661.386240789292,WAIT,False
2025-09-08,9661.386240789292,0.0,9661.386240789292,WAIT,False
2025-09-09,9661.386240789292,0.0,9661.386240789292,WAIT,False
2025-09-10,9661.386240789292,0.0,9661.386240789292,WAIT,False
2025-09-11,9661.386240789292,0.0,9661.386240789292,WAIT,False
2025-09-12,9661.386240789292,0.0,9661.386240789292,WAIT,False
2025-09-15,9661.386240789292,0.0,9661.386240789292,WAIT,False
2025-09-16,9661.386240789292,0.0,9661.386240789292,WAIT,False
2025-09-17,9661.386240789292,0.0,9661.386240789292,WAIT,False
2025-09-18,9661.386240789292,0.0,9661.386240789292,WAIT,False
2025-09-19,9661.386240789292,0.0,9661.386240789292,WAIT,False
2025-09-22,9661.386240789292,0.0,9661.386240789292,WAIT,False
2025-09-23,9661.386240789292,0.0,9661.386240789292,WAIT,False
2025-09-24,9661.386240789292,0.0,9661.386240789292,WAIT,False
2025-09-25,9661.386240789292,0.0,9661.386240789292,WAIT,False
2025-09-26,9661.386240789292,0.0,9661.386240789292,WAIT,False
2025-09-29,9661.386240789292,0.0,9661.386240789292,WAIT,False
2025-09-30,9661.386240789292,0.0,9661.386240789292,WAIT,False
2025-10-01,9661.386240789292,0.0,9661.386240789292,WAIT,False
2025-10-02,9661.386240789292,0.0,9661.386240789292,WAIT,False
2025-10-03,9661.386240789292,0.0,9661.386240789292,WAIT,False
2025-10-06,9661.386240789292,0.0,9661.386240789292,WAIT,False
2025-10-07,9661.386240789292,0.0,9661.386240789292,WAIT,False
2025-10-08,9661.386240789292,0.0,9661.386240789292,WAIT,False
2025-10-09,9661.386240789292,0.0,9661.386240789292,WAIT,False
2025-10-10,9661.386240789292,0.0,9661.386240789292,WAIT,False
2025-10-13,9661.386240789292,0.0,9661.386240789292,WAIT,False
2025-10-14,9661.386240789292,0.0,9661.386240789292,WAIT,False
2025-10-15,9661.386240789292,0.0,9661.386240789292,WAIT,False
2025-10-16,9661.386240789292,0.0,9661.386240789292,WAIT,False
2025-10-17,9661.386240789292,0.0,9661.386240789292,WAIT,False
2025-10-20,9661.386240789292,0.0,9661.386240789292,WAIT,False
2025-10-21,9661.386240789292,0.0,9661.386240789292,WAIT,False
2025-10-22,9661.386240789292,0.0,9661.386240789292,WAIT,False
2025-10-23,9661.386240789292,0.0,9661.386240789292,WAIT,False
2025-10-24,9661.386240789292,0.0,9661.386240789292,WAIT,False
2025-10-27,9661.386240789292,0.0,9661.386240789292,WAIT,False
2025-10-28,9661.386240789292,0.0,9661.386240789292,WAIT,False
2025-10-29,9661.386240789292,0.0,9661.386240789292,WAIT,False
2025-10-30,9661.386240789292,0.0,9661.386240789292,WAIT,False
2025-10-31,9661.386240789292,0.0,9661.386240789292,WAIT,False
2025-11-03,9661.386240789292,0.0,9661.386240789292,WAIT,False
2025-11-04,9661.386240789292,0.0,9661.386240789292,WAIT,False
2025-11-05,9661.386240789292,0.0,9661.386240789292,WAIT,False
2025-11-06,9661.386240789292,0.0,9661.386240789292,WAIT,False
2025-11-07,9661.386240789292,0.0,9661.386240789292,WAIT,False
2025-11-10,9661.386240789292,0.0,9661.386240789292,WAIT,False
2025-11-11,9661.386240789292,0.0,9661.386240789292,WAIT,False
2025-11-12,9661.386240789292,0.0,9661.386240789292,WAIT,False
2025-11-13,9661.386240789292,0.0,9661.386240789292,WAIT,False
2025-11-14,9661.386240789292,0.0,9661.386240789292,WAIT,False
2025-11-17,9661.386240789292,0.0,9661.386240789292,WAIT,False
2025-11-18,9661.386240789292,0.0,9661.386240789292,SELL,False
2025-11-19,9661.386240789292,0.0,9661.386240789292,SELL,False
2025-11-20,9661.386240789292,0.0,9661.386240789292,WAIT,False
2025-11-21,9661.386240789292,0.0,9661.386240789292,SELL,False
2025-11-24,9661.386240789292,0.0,9661.386240789292,WAIT,False
2025-11-25,9661.386240789292,0.0,9661.386240789292,WAIT,False
2025-11-26,9661.386240789292,0.0,9661.386240789292,WAIT,False
2025-11-28,9661.386240789292,0.0,9661.386240789292,WAIT,False
2025-12-01,9661.386240789292,0.0,9661.386240789292,WAIT,False
2025-12-02,9661.386240789292,0.0,9661.386240789292,WAIT,False
2025-12-03,9661.386240789292,0.0,9661.386240789292,WAIT,False
2025-12-04,9661.386240789292,0.0,9661.386240789292,WAIT,False
2025-12-05,9661.386240789292,0.0,9661.386240789292,WAIT,False
2025-12-08,9661.386240789292,0.0,9661.386240789292,WAIT,False
2025-12-09,9661.386240789292,0.0,9661.386240789292,WAIT,False
2025-12-10,9661.386240789292,0.0,9661.386240789292,WAIT,False
2025-12-11,9661.386240789292,0.0,9661.386240789292,WAIT,False
2025-12-12,9661.386240789292,0.0,9661.386240789292,WAIT,False
2025-12-15,9661.386240789292,0.0,9661.386240789292,WAIT,False
2025-12-16,9661.386240789292,0.0,9661.386240789292,WAIT,False
2025-12-17,9661.386240789292,0.0,9661.386240789292,WAIT,False
2025-12-18,9661.386240789292,0.0,9661.386240789292,WAIT,False
2025-12-19,9661.386240789292,0.0,9661.386240789292,SELL,False
2025-12-22,9661.386240789292,0.0,9661.386240789292,WAIT,False
2025-12-23,9661.386240789292,0.0,9661.386240789292,WAIT,False
2025-12-24,9661.386240789292,0.0,9661.386240789292,WAIT,False
2025-12-26,9661.386240789292,0.0,9661.386240789292,WAIT,False
2025-12-29,9661.386240789292,0.0,9661.386240789292,WAIT,False
2025-12-30,9661.386240789292,0.0,9661.386240789292,WAIT,False
2025-12-31,9661.386240789292,0.0,9661.386240789292,WAIT,False
2026-01-02,9661.386240789292,0.0,9661.386240789292,WAIT,False
2026-01-05,9661.386240789292,0.0,9661.386240789292,WAIT,False
2026-01-06,9661.386240789292,0.0,9661.386240789292,WAIT,False
2026-01-07,9661.386240789292,0.0,9661.386240789292,WAIT,False
2026-01-08,9661.386240789292,0.0,9661.386240789292,WAIT,False
2026-01-09,9661.386240789292,0.0,9661.386240789292,WAIT,False
2026-01-12,9661.386240789292,0.0,9661.386240789292,WAIT,False
2026-01-13,9661.386240789292,0.0,9661.386240789292,WAIT,False
2026-01-14,9661.386240789292,0.0,9661.386240789292,WAIT,False
2026-01-15,9661.386240789292,0.0,9661.386240789292,WAIT,False
2026-01-16,9661.386240789292,0.0,9661.386240789292,WAIT,False
2026-01-20,9661.386240789292,0.0,9661.386240789292,WAIT,False
2026-01-21,9661.386240789292,0.0,9661.386240789292,WAIT,False
2026-01-22,9661.386240789292,0.0,9661.386240789292,WAIT,False
2026-01-23,9661.386240789292,0.0,9661.386240789292,WAIT,False
2026-01-26,9661.386240789292,0.0,9661.386240789292,WAIT,False
2026-01-27,9661.386240789292,0.0,9661.386240789292,WAIT,False
2026-01-28,9661.386240789292,0.0,9661.386240789292,WAIT,False
2026-01-29,9661.386240789292,0.0,9661.386240789292,WAIT,False
2026-01-30,9661.386240789292,0.0,9661.386240789292,WAIT,False
2026-02-02,9661.386240789292,0.0,9661.386240789292,WAIT,False
2026-02-03,9661.386240789292,0.0,9661.386240789292,WAIT,False
2026-02-04,9661.386240789292,0.0,9661.386240789292,WAIT,False
2026-02-05,9661.386240789292,0.0,9661.386240789292,WAIT,False
2026-02-06,9661.386240789292,0.0,9661.386240789292,WAIT,False
2026-02-09,9661.386240789292,0.0,9661.386240789292,WAIT,False
2026-02-10,9661.386240789292,0.0,9661.386240789292,WAIT,False
2026-02-11,9661.386240789292,0.0,9661.386240789292,WAIT,False
2026-02-12,9661.386240789292,0.0,9661.386240789292,WAIT,False
2026-02-13,9661.386240789292,0.0,9661.386240789292,WAIT,False
2026-02-17,9661.386240789292,0.0,9661.386240789292,WAIT,False
2026-02-18,9661.386240789292,0.0,9661.386240789292,WAIT,False
2026-02-19,9661.386240789292,0.0,9661.386240789292,WAIT,False
2026-02-20,9661.386240789292,0.0,9661.386240789292,WAIT,False
2026-02-23,9661.386240789292,0.0,9661.386240789292,WAIT,False
2026-02-24,9661.386240789292,0.0,9661.386240789292,WAIT,False
2026-02-25,9661.386240789292,0.0,9661.386240789292,WAIT,False
2026-02-26,9661.386240789292,0.0,9661.386240789292,WAIT,False
2026-02-27,9661.386240789292,0.0,9661.386240789292,WAIT,False
2026-03-02,9661.386240789292,0.0,9661.386240789292,WAIT,False
2026-03-03,9661.386240789292,0.0,9661.386240789292,WAIT,False
2026-03-04,9661.386240789292,0.0,9661.386240789292,WAIT,False
2026-03-05,9661.386240789292,0.0,9661.386240789292,WAIT,False
2026-03-06,9661.386240789292,0.0,9661.386240789292,WAIT,False
2026-03-09,9661.386240789292,0.0,9661.386240789292,WAIT,False
2026-03-10,9661.386240789292,0.0,9661.386240789292,WAIT,False
2026-03-11,9661.386240789292,0.0,9661.386240789292,WAIT,False
2026-03-12,9661.386240789292,0.0,9661.386240789292,WAIT,False
2026-03-13,9661.386240789292,0.0,9661.386240789292,WAIT,False
2026-03-16,9661.386240789292,0.0,9661.386240789292,WAIT,False
2026-03-17,9661.386240789292,0.0,9661.386240789292,WAIT,False
2026-03-18,9661.386240789292,0.0,9661.386240789292,WAIT,False
2026-03-19,9661.386240789292,0.0,9661.386240789292,WAIT,False
2026-03-20,9661.386240789292,0.0,9661.386240789292,WAIT,False
2026-03-23,9661.386240789292,0.0,9661.386240789292,WAIT,False
2026-03-24,9661.386240789292,0.0,9661.386240789292,WAIT,False
2026-03-25,9661.386240789292,0.0,9661.386240789292,WAIT,False
2026-03-26,9661.386240789292,0.0,9661.386240789292,WAIT,False
2026-03-27,9661.386240789292,0.0,9661.386240789292,WAIT,False
2026-03-30,9661.386240789292,0.0,9661.386240789292,WAIT,False
2026-03-31,9661.386240789292,0.0,9661.386240789292,WAIT,False
2026-04-01,9661.386240789292,0.0,9661.386240789292,WAIT,False
2026-04-02,9661.386240789292,0.0,9661.386240789292,WAIT,False
2026-04-06,9661.386240789292,0.0,9661.386240789292,WAIT,False
2026-04-07,9661.386240789292,0.0,9661.386240789292,WAIT,False
2026-04-08,9661.386240789292,0.0,9661.386240789292,WAIT,False
2026-04-09,9661.386240789292,0.0,9661.386240789292,SELL,False
2026-04-10,9661.386240789292,0.0,9661.386240789292,WAIT,False
2026-04-13,9661.386240789292,0.0,9661.386240789292,WAIT,False
2026-04-14,9661.386240789292,0.0,9661.386240789292,WAIT,False
2026-04-15,9661.386240789292,0.0,9661.386240789292,WAIT,False
2026-04-16,9661.386240789292,0.0,9661.386240789292,WAIT,False
2026-04-17,9661.386240789292,0.0,9661.386240789292,WAIT,False
2026-04-20,9661.386240789292,0.0,9661.386240789292,WAIT,False
2026-04-21,9661.386240789292,0.0,9661.386240789292,WAIT,False
2026-04-22,9661.386240789292,0.0,9661.386240789292,WAIT,False
2026-04-23,9661.386240789292,0.0,9661.386240789292,WAIT,False
2026-04-24,9661.386240789292,0.0,9661.386240789292,WAIT,False
2026-04-27,9661.386240789292,0.0,9661.386240789292,WAIT,False
2026-04-28,9661.386240789292,0.0,9661.386240789292,WAIT,False
2026-04-29,9661.386240789292,0.0,9661.386240789292,WAIT,False
2026-04-30,9661.386240789292,0.0,9661.386240789292,WAIT,False
2026-05-01,9661.386240789292,0.0,9661.386240789292,WAIT,False
2026-05-04,9661.386240789292,0.0,9661.386240789292,WAIT,False
2026-05-05,9661.386240789292,0.0,9661.386240789292,WAIT,False
2026-05-06,9661.386240789292,0.0,9661.386240789292,WAIT,False
2026-05-07,9661.386240789292,0.0,9661.386240789292,WAIT,False
2026-05-08,9661.386240789292,0.0,9661.386240789292,WAIT,False
2026-05-11,9661.386240789292,0.0,9661.386240789292,WAIT,False
2026-05-12,9661.386240789292,0.0,9661.386240789292,WAIT,False
2026-05-13,9661.386240789292,0.0,9661.386240789292,WAIT,False
2026-05-14,9661.386240789292,0.0,9661.386240789292,WAIT,False
2026-05-15,9661.386240789292,0.0,9661.386240789292,WAIT,False
2026-05-18,9661.386240789292,0.0,9661.386240789292,WAIT,False
2026-05-19,9661.386240789292,0.0,9661.386240789292,WAIT,False
2026-05-20,9661.386240789292,0.0,9661.386240789292,WAIT,False
2026-05-21,9661.386240789292,0.0,9661.386240789292,WAIT,False
2026-05-22,9661.386240789292,0.0,9661.386240789292,WAIT,False
2026-05-26,9661.386240789292,0.0,9661.386240789292,WAIT,False
2026-05-27,9661.386240789292,0.0,9661.386240789292,WAIT,False
2026-05-28,9661.386240789292,0.0,9661.386240789292,WAIT,False
2026-05-29,9661.386240789292,0.0,9661.386240789292,WAIT,False
2026-06-01,9661.386240789292,0.0,9661.386240789292,WAIT,False
2026-06-02,9661.386240789292,0.0,9661.386240789292,WAIT,False
2026-06-03,9661.386240789292,0.0,9661.386240789292,WAIT,False
2026-06-04,9661.386240789292,0.0,9661.386240789292,WAIT,False
2026-06-05,9661.386240789292,0.0,9661.386240789292,WAIT,False
2026-06-08,9661.386240789292,0.0,9661.386240789292,WAIT,False
2026-06-09,9661.386240789292,0.0,9661.386240789292,WAIT,False
2026-06-10,9661.386240789292,0.0,9661.386240789292,WAIT,False
2026-06-11,9661.386240789292,0.0,9661.386240789292,WAIT,False
2026-06-12,9661.386240789292,0.0,9661.386240789292,WAIT,False
2026-06-15,9661.386240789292,0.0,9661.386240789292,WAIT,False
2026-06-16,9661.386240789292,0.0,9661.386240789292,WAIT,False
2026-06-17,9661.386240789292,0.0,9661.386240789292,WAIT,False
2026-06-18,9661.386240789292,0.0,9661.386240789292,WAIT,False
2026-06-22,9661.386240789292,0.0,9661.386240789292,WAIT,False
2026-06-23,9661.386240789292,0.0,9661.386240789292,WAIT,False
2026-06-24,9661.386240789292,0.0,9661.386240789292,WAIT,False
2026-06-25,9661.386240789292,0.0,9661.386240789292,WAIT,False
2026-06-26,9661.386240789292,0.0,9661.386240789292,WAIT,False
2026-06-29,9661.386240789292,0.0,9661.386240789292,WAIT,False
2026-06-30,9661.386240789292,0.0,9661.386240789292,WAIT,False
2026-07-01,9661.386240789292,0.0,9661.386240789292,WAIT,False
2026-07-02,9661.386240789292,0.0,9661.386240789292,WAIT,False
2026-07-06,9661.386240789292,0.0,9661.386240789292,WAIT,False
