Entry_Date,Exit_Date,Entry_Price,Exit_Price,Shares,Entry_Cost,Net_Exit_Value,Net_Profit,Return_Percent,Holding_Days,Exit_Reason
2020-10-16,2020-10-23,322.71311949118166,319.64443234863285,7.746044006326205,2500.0,2475.7322413657344,-24.267758634265647,-0.009707103453706258,5,MAX_HOLDING
2020-10-23,2020-10-28,319.9110278730028,310.25163429740536,7.794928823029416,2493.9330603414337,2418.1475676361692,-75.78549270526446,-0.030387941805819357,3,STOP_LOSS
2020-10-28,2020-11-04,307.12130172061114,317.5738321472168,8.05785596563754,2474.9866871651175,2558.708301478036,83.72161431291852,0.03382709682726187,5,MAX_HOLDING
2020-11-04,2020-11-09,315.222439967653,334.0689592084391,7.917163271266617,2495.917090743347,2644.6140060659277,148.69691532258048,0.05957606359364075,3,TAKE_PROFIT
2020-11-16,2020-11-23,333.8290324864202,330.44155838012693,7.587231155137617,2533.091319573992,2506.8857730452555,-26.205546528736704,-0.010345282985353988,5,MAX_HOLDING
2020-11-23,2020-12-01,330.40730685536096,338.35458727416994,7.6459789229700466,2526.539932941808,2586.7933375842535,60.25340464244573,0.023848190110452337,5,MAX_HOLDING
2020-12-04,2020-12-11,339.6921270602378,338.61344662475585,7.481330730802724,2541.6032841024194,2533.0258561784044,-8.577427924014955,-0.0033748098995882905,5,MAX_HOLDING
2020-12-11,2020-12-18,337.4542250357052,342.73048193969726,7.524590946674581,2539.458927121416,2578.648790884707,39.189863763291214,0.01543236763735123,5,MAX_HOLDING
2021-01-20,2021-01-27,353.94728792310826,347.5858644287109,7.201641543490776,2549.2563930622387,2502.9384823198375,-46.31791074240118,-0.018169184891898144,5,MAX_HOLDING
2021-01-29,2021-02-05,348.8579053395051,359.9328818359375,7.273514901690238,2537.6769153766386,2617.7153819240384,80.03846654739982,0.031540053843111315,5,MAX_HOLDING
2021-02-05,2021-02-12,360.53197947719025,364.50981660766604,7.093492212932517,2557.6865320134884,2585.3889808893746,27.702448875886148,0.010831057101465025,5,MAX_HOLDING
2021-02-22,2021-03-01,359.47324002905026,361.66892371826174,7.133648414147212,2564.61214423246,2579.760942234694,15.148798002233889,0.005906857314195413,5,MAX_HOLDING
2021-03-01,2021-03-04,358.1080068456457,347.2952936869483,7.171418902641319,2568.3993437330187,2490.350973941555,-78.04836979146376,-0.03038794180581942,3,STOP_LOSS
2021-03-04,2021-03-11,354.0495949139318,365.3360063171387,7.198518017414796,2548.8872512851526,2629.6148361019004,80.72758481674782,0.03167169704193266,5,MAX_HOLDING
2021-03-11,2021-03-18,364.2748354138323,363.4328530883789,7.051852108709154,2569.0691474893397,2562.6184439523267,-6.4507035370129415,-0.002510910826715967,5,MAX_HOLDING
2021-03-18,2021-03-25,366.36443783616534,362.96529525146485,7.0072296503241684,2567.4564716050863,2543.126840806838,-24.329630798248218,-0.009476160966046743,5,MAX_HOLDING
2021-03-25,2021-04-01,359.64432745218403,373.1268062438965,7.121252183383381,2561.374063905524,2656.864370634851,95.49030672932713,0.037280890782397366,5,MAX_HOLDING
2021-04-01,2021-04-09,371.21688462479415,383.26039923706054,6.963552168125229,2585.246640587856,2668.5868986853675,83.34025809751165,0.03223686931416378,5,MAX_HOLDING
2021-04-09,2021-04-16,380.5252720279038,388.6345378173828,6.847958110936848,2606.0817051122344,2661.086900133196,55.005195020961764,0.021106473719937683,5,MAX_HOLDING
2021-04-16,2021-04-23,388.7806959382498,388.1502291809082,6.737914392691107,2619.8330038674744,2615.0614834228204,-4.771520444654016,-0.0018213070976700258,5,MAX_HOLDING
2021-04-23,2021-04-30,384.6995777698097,388.6718533508301,6.806293630752204,2618.640123756311,2645.150218438418,26.510094682107137,0.010123611275030685,5,MAX_HOLDING
2021-05-06,2021-05-13,387.45759599518243,382.1334884338379,6.774948211222538,2625.2676474268374,2588.675700453667,-36.59194697317025,-0.01393836815420932,5,MAX_HOLDING
2021-05-13,2021-05-20,379.2954004052571,386.7904242919922,6.896624826141183,2616.1196606835447,2667.2816878415665,51.16202715802183,0.019556455282574544,5,MAX_HOLDING
2021-05-20,2021-05-27,383.7026038625497,390.52527287597655,6.850741371784936,2628.9101674730505,2675.1201048546927,46.20993738164225,0.01757760229063284,5,MAX_HOLDING
2021-09-22,2021-09-29,408.9331332541034,407.2697260498047,6.456308910324209,2640.4626518184605,2629.196215284534,-11.26643653392648,-0.0042668418453741044,5,MAX_HOLDING
2021-10-04,2021-10-11,406.0727937396249,407.49471766357425,6.494851034382842,2637.646042684979,2646.352826773957,8.706784088978111,0.0033009675855199595,5,MAX_HOLDING
2021-11-30,2021-12-03,433.2694144483544,430.4431155416017,6.092188127771884,2639.8227387072234,2622.078204139869,-17.74453456735455,-0.006721865944697643,3,SELL_SIGNAL
2021-12-16,2021-12-20,443.182042298611,429.8006037134468,5.9459157665521865,2635.3866050653846,2555.3026302748217,-80.08397479056293,-0.030387941805819427,2,STOP_LOSS
2021-12-20,2021-12-28,427.7144924647158,448.60627520141605,6.114134889112696,2615.3656113677443,2742.564994756001,127.19938338825659,0.04863541175099254,5,MAX_HOLDING
2022-01-07,2022-01-14,440.39110229739447,437.17637169799804,6.010341156599146,2647.1654572148086,2627.3163815952125,-19.84907561959608,-0.0074982376207341815,5,MAX_HOLDING
2022-01-14,2022-01-20,434.0291704308244,420.9240936588361,6.087007911906096,2642.203188309909,2561.912071584397,-80.29111672551198,-0.0303879418058194,3,STOP_LOSS
2022-01-26,2022-02-02,414.76482266122036,430.2432798339844,6.321337006074502,2622.130409128531,2719.44079515279,97.31038602425906,0.03711119236689693,5,MAX_HOLDING
2022-02-03,2022-02-10,424.3923428801642,422.6891879272461,6.235252427829907,2646.458005634596,2635.3102278622887,-11.147777772307109,-0.004212338812319063,5,MAX_HOLDING
2022-02-10,2022-02-14,424.75932364441246,411.9341406262931,6.223304759596983,2643.671061191519,2563.3353388303026,-80.33572236121654,-0.03038794180581934,2,STOP_LOSS
2022-02-14,2022-02-22,414.01194192765615,401.5112653530925,6.336350555269246,2623.5871306012154,2543.8617175540085,-79.72541304720698,-0.030387941805819607,5,STOP_LOSS
2022-02-22,2022-02-24,406.45488801972743,394.18238913085975,6.405127640313375,2603.6557773394134,2524.5360370952376,-79.11974024417577,-0.03038794180581948,2,STOP_LOSS
2022-02-24,2022-02-25,386.81393181351035,409.9407631687766,6.6792255088059305,2583.8758422783694,2737.8129937760177,153.9371514976483,0.059576063593640795,1,TAKE_PROFIT
2022-02-25,2022-03-04,404.3090197079246,406.5556354980469,6.485380717588159,2622.3601301527815,2636.404412277925,14.044282125143582,0.005355588640804017,5,MAX_HOLDING
2022-03-04,2022-03-08,406.3230126426532,394.05449559892094,6.461875301483886,2625.8712006840674,2546.0763794481027,-79.79482123596472,-0.03038794180581946,2,STOP_LOSS
2022-03-08,2022-03-15,394.9075129257104,400.911287298584,6.598157401154159,2605.9224953750763,2645.011249917644,39.088754542567585,0.014999968192431391,5,MAX_HOLDING
2022-03-15,2022-03-18,395.04857459881634,418.6677387769304,6.620535571740006,2615.6946840107184,2771.527476846889,155.83279283617048,0.059576063593640705,3,TAKE_PROFIT
2022-04-04,2022-04-11,427.76877698920373,414.85272653679175,6.205192118410284,2654.652882219761,2573.9834449202162,-80.66943729954482,-0.030387941805819395,5,STOP_LOSS
2022-04-11,2022-04-19,419.2535018570042,419.9635063659668,6.283124861252242,2634.4855228948745,2638.4192793519037,3.933756457029176,0.001493178240245789,5,MAX_HOLDING
2022-04-25,2022-05-02,399.9576442030603,387.8813230939931,6.588711278955027,2635.4689620091317,2555.382484560555,-80.08647744857672,-0.030387941805819385,5,STOP_LOSS
2022-05-03,2022-05-09,391.7823213199896,379.95284591005384,6.6750991092541385,2615.4473426469876,2535.969281002446,-79.47806164454141,-0.03038794180581931,4,STOP_LOSS
2022-05-09,2022-05-11,382.4270136117451,370.8800123627521,6.786440818851725,2595.577827235852,2516.7035592693337,-78.87426796651835,-0.030387941805819444,2,STOP_LOSS
2022-05-11,2022-05-12,375.79042132519317,364.4438053437003,6.85382477550006,2575.8592602442222,2497.58419894394,-78.27506130028223,-0.030387941805819323,1,STOP_LOSS
2022-05-12,2022-05-19,367.5772953998223,367.51519685668944,6.953734421082103,2556.2904949191516,2555.3475143456612,-0.9429805734903312,-0.0003688863121638901,5,MAX_HOLDING
2022-05-19,2022-05-26,366.86924991680036,382.47210477905276,6.966512375835272,2556.054749775779,2664.2302016899002,108.17545191412137,0.04232125776007368,5,MAX_HOLDING
2022-05-26,2022-06-03,376.3567746449648,387.4074883544922,6.86274434984717,2583.098612754309,2658.4126839380956,75.31407118378638,0.029156483152410668,5,MAX_HOLDING
2022-06-03,2022-06-10,389.3183661236115,377.56328737687517,6.682620678182497,2601.9271305502557,2522.859920324112,-79.06721022614374,-0.030387941805819368,5,STOP_LOSS
2022-06-10,2022-06-13,372.7789123026244,361.523225824559,6.926094938771473,2582.16032799372,2503.6937902133513,-78.46653778036853,-0.030387941805819337,1,STOP_LOSS
2022-06-13,2022-06-16,358.590139640003,347.7628689637127,7.14544874930049,2562.5436935486277,2484.6732649142023,-77.87042863442548,-0.03038794180581951,3,STOP_LOSS
2022-06-16,2022-06-24,349.7728475269613,369.6903598815918,7.2699233865304365,2543.0760863900214,2687.3518310187296,144.27574462870825,0.056732767611964115,5,MAX_HOLDING
2022-08-18,2022-08-22,404.70976567565583,392.4899590108451,6.372189041518206,2579.1450225471986,2500.7701136932656,-78.374908853933,-0.030387941805819385,2,STOP_LOSS
2022-08-22,2022-08-29,395.408829529605,383.46985533078805,6.472529631778284,2559.5512953337156,2481.771799522105,-77.77949581161056,-0.030387941805819378,5,STOP_LOSS
2022-08-29,2022-09-01,381.3294188637968,369.81555839062327,6.660520564358512,2540.106421380813,2462.917815267304,-77.1886061135092,-0.030387941805819746,3,STOP_LOSS
2022-09-01,2022-09-09,372.50247140563283,385.3469264282227,6.766551654327919,2520.809269852436,2607.2091355248176,86.39986567238157,0.03427465405878933,5,MAX_HOLDING
2022-09-09,2022-09-15,381.84138052381115,370.3120618802752,6.657620547257395,2542.4092362705314,2465.150652352165,-77.25858391836664,-0.030387941805819395,4,STOP_LOSS
2022-09-15,2022-09-21,372.5688013615288,361.3194589732188,6.7714803194491004,2523.09459029094,2446.4229387106006,-76.67165158033913,-0.030387941805819524,4,STOP_LOSS
2022-09-21,2022-09-22,367.5780565121342,356.4794046738068,6.81127794602785,2503.926677395855,2427.837499237111,-76.08917815874429,-0.030387941805819524,1,STOP_LOSS
2022-09-22,2022-09-23,358.5054824461043,347.6807679091266,6.9305939209394705,2484.904382856169,2409.39325307691,-75.51112977925914,-0.030387941805819524,1,STOP_LOSS
2022-09-23,2022-09-30,352.79348507449527,342.14123858615596,6.989301465950947,2466.026600411354,2391.0891275864515,-74.93747282490267,-0.030387941805819316,5,STOP_LOSS
2022-09-30,2022-10-07,344.43484249758876,345.2391964050293,7.104529581584109,2447.292232205128,2452.516807373499,5.224575168370848,0.0021348391089621747,5,MAX_HOLDING
2022-10-07,2022-10-10,351.26069371499136,340.6547283289609,6.97018933359427,2448.598375997221,2374.1905110415933,-74.4078649556277,-0.030387941805819507,1,STOP_LOSS
2022-10-10,2022-10-13,346.4911216535378,336.02916872633085,7.012455103667629,2429.9964097583143,2356.153820270228,-73.8425894880861,-0.030387941805819555,3,STOP_LOSS
2022-10-13,2022-10-14,332.4491316608956,352.3256003446373,7.25312357074395,2411.5357623862933,2555.205570324558,143.6698079382645,0.059576063593640656,1,TAKE_PROFIT
2022-10-14,2022-10-14,350.86085217978126,340.26695960906494,6.974869035168267,2447.4532143708593,2373.080148520092,-74.37306585076749,-0.030387941805819475,0,ENTRY_DAY_STOP
2022-10-17,2022-10-19,346.5388052987512,351.1393318786647,7.008211054764376,2428.8599479081677,2460.6124615798917,31.752513671724046,0.01307301135212452,2,SELL_SIGNAL
2022-10-24,2022-10-25,357.8486652939948,360.465191210964,6.80889621002842,2436.7980763260985,2454.1246372760743,17.32656094997583,0.007110380264292832,1,SELL_SIGNAL
2022-10-26,2022-10-28,363.3035905412318,361.49289559373216,6.71858382782422,2441.1297165635924,2428.477450177177,-12.65226638641525,-0.005182955375360387,2,SELL_SIGNAL
2022-11-01,2022-11-02,371.41460083893884,360.2001083812079,6.563346923284582,2437.9666499669884,2363.8818612832624,-74.08478868372595,-0.03038794180581966,1,STOP_LOSS
2022-11-02,2022-11-03,365.4741657202745,354.43903876051655,6.619355783123711,2419.4454527960575,2345.9234851741357,-73.5219676219217,-0.030387941805819708,1,STOP_LOSS
2022-11-14,2022-11-21,377.6216621859459,375.50084306030277,6.357752001050562,2401.0649608905774,2387.102502239177,-13.962458651400539,-0.0058151107441181986,5,MAX_HOLDING
2023-08-04,2023-08-11,434.3098830781232,429.25269429931643,5.519871193755957,2397.574346227727,2369.1826401467183,-28.39170608100858,-0.011841845958053087,5,MAX_HOLDING
2023-08-17,2023-08-24,425.09791586930925,420.81499008789064,5.622792553757721,2390.4764197074746,2365.918777236543,-24.55764247093157,-0.010273116383192232,5,MAX_HOLDING
2024-08-06,2024-08-13,507.3139477084741,529.3987987670898,4.6994540757232075,2384.337009089742,2487.636554014716,103.29954492497382,0.04332422158913267,5,MAX_HOLDING
2024-12-20,2024-12-30,572.0921634163793,578.2034890014648,4.2124696986570624,2410.1618953209854,2435.421110608755,25.25921528776962,0.010480298164537034,5,MAX_HOLDING
2025-04-15,2025-04-16,532.2889151909033,516.2169836856291,4.539330064329428,2416.4766991429274,2343.0449458342537,-73.4317533086737,-0.030387941805819347,1,STOP_LOSS
2025-04-16,2025-04-21,524.4082398142845,508.57425742133194,4.572542517195495,2398.118760815759,2325.2448674686457,-72.87389334711315,-0.030387941805819458,2,STOP_LOSS
2025-04-21,2025-04-28,514.0321171032151,544.7650693205821,4.629403965373299,2379.9002874789803,2521.685378352352,141.7850908733717,0.05957606359364078,5,TAKE_PROFIT
